name,main_category,sub_category,image,link,ratings,no_of_ratings,discount_price,actual_price
"AGARO Spark Motorized 1.5 Hp Folding Treadmill with 100 Kgs Max User Weight, 12 Automatic Workout Programs with Built-in S...",sports & fitness,Cardio Equipment,https://m.media-amazon.com/images/I/81yOBp29AhL._AC_UL320_.jpg,https://www.amazon.in/AGARO-Motorized-Treadmill-Automatic-Programs/dp/B08HZBPVP4/ref=sr_1_145?qid=1679218166&s=sports&sr=1-145,4.6,325,"₹16,999","₹40,990"
"Voroly Portable Under Desk Bike Pedal Exerciser Cycle for Adults & Seniors Physical Therapy Workout Equipment (VR-30ABC, B...",sports & fitness,Cardio Equipment,https://m.media-amazon.com/images/I/51glnFTMYOL._AC_UL320_.jpg,https://www.amazon.in/Voroly-Portable-Exerciser-Adjustable-Resistance/dp/B07RB9F1VT/ref=sr_1_146?qid=1679218166&s=sports&sr=1-146,3.9,332,"₹1,795","₹2,999"
Dolphy Rowing Machine Indoor Rower Exercise Machine with 12 Gear Adjustable Resistance | Digital Monitor for Home Gyms Fit...,sports & fitness,Cardio Equipment,https://m.media-amazon.com/images/I/61nOcICjUnL._AC_UL320_.jpg,https://www.amazon.in/Machine-Exercise-Adjustable-Resistance-Training/dp/B09NDRK175/ref=sr_1_147?qid=1679218166&s=sports&sr=1-147,4.8,9,"₹10,499","₹19,999"
"FITTYFY INALSA Spin Bike Exercise Bike FFSB 06 with 6Kg Flywheel| Adjustable Resistance, Heart Rate Sensor| Bottle & Bottl...",sports & fitness,Cardio Equipment,https://m.media-amazon.com/images/I/617ZvbimiSL._AC_UL320_.jpg,https://www.amazon.in/Exercise-Flywheel-Adjustable-Resistance-FITTYFY/dp/B09FGQD31F/ref=sr_1_148?qid=1679218166&s=sports&sr=1-148,3.8,23,"₹8,899","₹29,999"
Cardio Max JSB HF145 Desk Cycle Pedal Exerciser Mini Bike with Digital Display,sports & fitness,Cardio Equipment,https://m.media-amazon.com/images/I/61Fof-X0MqL._AC_UL320_.jpg,https://www.amazon.in/Cardio-Max-Exerciser-Digital-Display/dp/B07PBBQS57/ref=sr_1_149?qid=1679218166&s=sports&sr=1-149,3.3,15,"₹2,499","₹2,950"
Zorex HGZ-1002 Home Gym Machine All in one equipments for Men Workout Machine Chest Biceps Shoulder Back Triceps Legs Musc...,sports & fitness,Cardio Equipment,https://m.media-amazon.com/images/I/71vMcnwAxOL._AC_UL320_.jpg,https://www.amazon.in/Zorex-HGZ-1002-Equipments-Exercises-Multicolor/dp/B09HKJNZ8F/ref=sr_1_150?qid=1679218166&s=sports&sr=1-150,3.8,65,"₹15,247","₹23,490"
"Dolphy Fitness Stair Stepper with LCD Monitor, Portable Twist Stair Stepper Household Hydraulic Mute Stepper for Home Gym",sports & fitness,Cardio Equipment,https://m.media-amazon.com/images/I/51gvbyu7rXL._AC_UL320_.jpg,https://www.amazon.in/Fitness-Resistance-Portable-Household-Hydraulic/dp/B0B6F9Y97X/ref=sr_1_151?qid=1679218166&s=sports&sr=1-151,4.4,3,"₹4,999","₹9,999"
"LETSPLAY® Indoor Upright Exercise Bike with Matt Black Frame Handlebar Aluminum Pedals Ergonomic Seat for Home, Workout & ...",sports & fitness,Cardio Equipment,https://m.media-amazon.com/images/I/51CsslvCk7L._AC_UL320_.jpg,https://www.amazon.in/LETSPLAY%C2%AE-Exercise-Handlebar-Aluminum-Ergonomic/dp/B0BJ7PB3LR/ref=sr_1_152?qid=1679218166&s=sports&sr=1-152,4.3,217,"₹11,999","₹29,999"
"Fitmen Treadmill Magnetic Safety Key for All Type Tread Mill, Model No TMSK07.",sports & fitness,Cardio Equipment,https://m.media-amazon.com/images/I/81-SZrpnZaL._AC_UL320_.jpg,https://www.amazon.in/Fitmen-Treadmill-Magnetic-Safety-TMSK07/dp/B08BHHGSX2/ref=sr_1_153?qid=1679218166&s=sports&sr=1-153,3.8,24,₹275,₹550
BIONFIT ON05M Patented Air Bike Exercise cycle with attached Resistance Tube & Moving Handles & Abs Twister+Back Support S...,sports & fitness,Cardio Equipment,https://m.media-amazon.com/images/I/71HdQzFtVoL._AC_UL320_.jpg,https://www.amazon.in/BIONFIT-Patented-Resistance-Full-Body-Fitness/dp/B0BX9ZBGTT/ref=sr_1_154?qid=1679218166&s=sports&sr=1-154,,,,
SPARNOD FITNESS STH-4200 (4.5HP Peak) Automatic Treadmill (Free Installation Service) - Foldable Treadmill for Home Use wi...,sports & fitness,Cardio Equipment,https://m.media-amazon.com/images/I/614BP+EkYtL._AC_UL320_.jpg,https://www.amazon.in/SPARNOD-FITNESS-Automatic-Treadmill-Installation/dp/B0847L5BWD/ref=sr_1_155?qid=1679218166&s=sports&sr=1-155,4.5,453,"₹37,715","₹76,000"
"PowerMax Fitness Steel B-S2 Exercise Spin Bike with Flywheel, 14 kg, Saddle Adjustment and Adjustable Foot Strap for Home ...",sports & fitness,Cardio Equipment,https://m.media-amazon.com/images/I/61zkytG5KjL._AC_UL320_.jpg,https://www.amazon.in/PowerMax-Fitness-B-S2-Adjustment-Adjustable/dp/B08NX8MMQH/ref=sr_1_156?qid=1679218166&s=sports&sr=1-156,3.9,27,"₹29,990","₹58,000"
A L N ® 3 in 1 Tummy Twister Abdominal ABS Exerciser Body Toner-Fat Buster Multipurpose Workout Fitness Equipment Perfect ...,sports & fitness,Cardio Equipment,https://m.media-amazon.com/images/I/61qOPy1F5xL._AC_UL320_.jpg,https://www.amazon.in/Abdominal-Exerciser-Toner-Fat-Multipurpose-Multicolor/dp/B08K49VBM6/ref=sr_1_157?qid=1679218166&s=sports&sr=1-157,3.6,59,₹379,"₹1,399"
"Stunner Fitness STX-360 2.0 HP (4.0 HP Peak) Motorised Treadmill with Auto Inclination & Auto Lubrication System, MP3, Sma...",sports & fitness,Cardio Equipment,https://m.media-amazon.com/images/I/61Yv0kb4COL._AC_UL320_.jpg,https://www.amazon.in/Stunner-Fitness-STX-360-Inclination-SystemMP3Smart/dp/B07TKBRB64/ref=sr_1_158?qid=1679218166&s=sports&sr=1-158,4.1,122,"₹31,499","₹79,000"
Reach Evolve Elliptical Climber Cross Trainer + Stepper | Exercise Fitness Equipment for Home Gym,sports & fitness,Cardio Equipment,https://m.media-amazon.com/images/I/51QQLr+5-4L._AC_UL320_.jpg,https://www.amazon.in/Reach-Elliptical-Climber-Exercise-Equipment/dp/B08CRZVPSX/ref=sr_1_159?qid=1679218166&s=sports&sr=1-159,4.1,165,"₹36,699","₹37,333"
"IRIS Mini Stepper,Fitness Stair Stepper with Handle Bar - Portable Stair Stepper Adjustable Resistance,Fitness Exercise Ma...",sports & fitness,Cardio Equipment,https://m.media-amazon.com/images/I/41jBiPVN+zL._AC_UL320_.jpg,https://www.amazon.in/IRIS-Stepper-Fitness-Stair-Handle/dp/B07WN5HDYS/ref=sr_1_160?qid=1679218166&s=sports&sr=1-160,3.5,24,"₹6,499","₹12,000"
"PowerMax Fitness TDM-110 2HP (4HP Peak) Motorized Treadmill with Free Installation Assistance, Home Use & Automatic Programs",sports & fitness,Cardio Equipment,https://m.media-amazon.com/images/I/61IQ5YHurJL._AC_UL320_.jpg,https://www.amazon.in/Powermax-Fitness-TDM-110-Motorized-Treadmill/dp/B0777LNPMR/ref=sr_1_161?qid=1679218166&s=sports&sr=1-161,4.3,749,"₹29,299","₹65,000"
LETSPLAY® LP-100AC Professional Portable (6 HP Peak AC Motor)[5 Years Warranty on Motor] Folding Smart Jogging Exercise Fi...,sports & fitness,Cardio Equipment,https://m.media-amazon.com/images/I/61wDiJY5quL._AC_UL320_.jpg,https://www.amazon.in/LETSPLAY%C2%AE-LP-100AC-Professional-Equipment-Treadmill/dp/B0BXH7RJBY/ref=sr_1_162?qid=1679218166&s=sports&sr=1-162,4.1,356,"₹46,999","₹99,999"
SPARNOD FITNESS SAB-06_R Upright Air Bike Exercise Cycle for Home Gym - Dual Action for Full Body Workout - Adjustable Res...,sports & fitness,Cardio Equipment,https://m.media-amazon.com/images/I/51fULG8ubzL._AC_UL320_.jpg,https://www.amazon.in/SPARNOD-FITNESS-SAB-06_R-Upright-Exercise/dp/B0B45W61PR/ref=sr_1_163?qid=1679218166&s=sports&sr=1-163,4.2,391,"₹6,269","₹26,450"
"PowerMax Fitness TDA-125 SERIES (4.0HP Peak) Motorized Foldable, Electric Treadmill【LCD Display | BMI | Spring Resistance】...",sports & fitness,Cardio Equipment,https://m.media-amazon.com/images/I/719QZnxqmiL._AC_UL320_.jpg,https://www.amazon.in/Powermax-Fitness-TDA-125-Inclination-Lubrication/dp/B01H3JTDCQ/ref=sr_1_164?qid=1679218166&s=sports&sr=1-164,4.3,"1,094","₹37,499","₹64,362"
"Lifelong LLTM135 Fit Pro Manual Incline 2HP - 4HP Peak DC Motorised Treadmill for Home Use, 14Km/Hr Speed| 90 Degree Folda...",sports & fitness,Cardio Equipment,https://m.media-amazon.com/images/I/51BtkxBh4oS._AC_UL320_.jpg,https://www.amazon.in/Lifelong-Fit-Pro-Manual-Incline/dp/B08TWVV7V5/ref=sr_1_165?qid=1679218166&s=sports&sr=1-165,4.1,27,"₹27,999","₹59,000"
KLIKFIT KF04F Indoor Stationary Air Bike Exercise Cycle with Back Support & Twister Plate with Installation Support for Ho...,sports & fitness,Cardio Equipment,https://m.media-amazon.com/images/I/71dp+Bip10L._AC_UL320_.jpg,https://www.amazon.in/Klikfit-KF04F-Stationary-Exercise-Workout/dp/B08BHX9NMV/ref=sr_1_166?qid=1679218166&s=sports&sr=1-166,3.6,518,"₹6,448","₹15,490"
"Health & Fitness_Hub Power Vibration Plate - 6 Modes + 99 Intensity Levels - Resistance Bands With Handle, Thera Band & Re...",sports & fitness,Cardio Equipment,https://m.media-amazon.com/images/I/71PKtDlwb-L._AC_UL320_.jpg,https://www.amazon.in/Health-Fitness_Hub-Fitness-Vibration-Platform/dp/B07XDKLTMG/ref=sr_1_167?qid=1679218166&s=sports&sr=1-167,3.8,4,"₹8,999","₹29,999"
"Dolphy Folding Stationary Exercise X Bike with 8-levels Magnetic Resistance, Indoor Upright Foldable Cycling Bike with Bac...",sports & fitness,Cardio Equipment,https://m.media-amazon.com/images/I/61koO+chFCL._AC_UL320_.jpg,https://www.amazon.in/Dolphy-Stationary-Exercise-8-levels-Resistance/dp/B08X4R7T7S/ref=sr_1_168?qid=1679218166&s=sports&sr=1-168,4.4,33,"₹14,819.05","₹25,999"
Holy Delight Folding Mini Stationary Bike Pedaler Fitness Gym Equipment for Seniors Digital Home Gym Fitness Cycle - Foot ...,sports & fitness,Cardio Equipment,https://m.media-amazon.com/images/I/61h1tQjvBOL._AC_UL320_.jpg,https://www.amazon.in/Holy-Delight-Folding-Stationary-Equipment/dp/B07X3DLTWH/ref=sr_1_217?qid=1679218168&s=sports&sr=1-217,,,"₹1,894","₹3,999"
"RISE UP ™ Hyper Extension Back Extension, Glut,Hamstring Developer,and Abs (Fully Assembled) (Capacity 120kg)",sports & fitness,Cardio Equipment,https://m.media-amazon.com/images/I/61GyENcYoFL._AC_UL320_.jpg,https://www.amazon.in/RISE-UP-Extension-Hamstring-Developer/dp/B09JT3C43V/ref=sr_1_218?qid=1679218168&s=sports&sr=1-218,2.5,2,"₹6,500","₹14,999"
"A L N® 5 in 1 Tummy Twister Ab Exerciser Useful for Figure Tone-Up, Weight Reduction, Power Mat, Magnetic Therapy, Pyramid...",sports & fitness,Cardio Equipment,https://m.media-amazon.com/images/I/71lHGwCvvDL._AC_UL320_.jpg,https://www.amazon.in/Exerciser-Reduction-Magnetic-Pyramids-Multicolor/dp/B0966JSHN3/ref=sr_1_219?qid=1679218168&s=sports&sr=1-219,1.8,3,₹349,"₹1,399"
VICKY Home Gym Set 20kg Curl Rod & Straight Rod Portable Exercise Kit Fitness Equipment Personal Training Workout Stretchi...,sports & fitness,Cardio Equipment,https://m.media-amazon.com/images/I/71qBLCiZU3L._AC_UL320_.jpg,https://www.amazon.in/Straight-Portable-Exercise-Equipment-Stretching/dp/B0BSN5TK9D/ref=sr_1_220?qid=1679218168&s=sports&sr=1-220,Get,FREE Delivery by Amazon,"₹2,699","₹5,000"
TQS Tummy Trimmer Waist -Abs Exerciser- With Toning tube resistance band Body Toner-Fat Buster- Multipurpose Fitness Equip...,sports & fitness,Cardio Equipment,https://m.media-amazon.com/images/I/617LPP7khmL._AC_UL320_.jpg,https://www.amazon.in/Exerciser-Resistance-Toner-Fat-Multipurpose-Equipment/dp/B0B8W42D4G/ref=sr_1_221?qid=1679218168&s=sports&sr=1-221,2.9,14,₹360,"₹1,495"
Health & Fitness_hub SOBO Xtreme Powerful Slim Full Body Vibration Platform Exercise Crazy Fit Machine,sports & fitness,Cardio Equipment,https://m.media-amazon.com/images/I/31MBFJwxTgL._AC_UL320_.jpg,https://www.amazon.in/Health-Fitness_Hub-Powerful-Vibration-Platform/dp/B07RYX7BK1/ref=sr_1_222?qid=1679218168&s=sports&sr=1-222,4.3,60,"₹18,999","₹39,999"
"PowerMax Fitness BX-110SX Fitness Exercise Magnetic X Bike Cycle for Home, Weight Loss, Cherry Red",sports & fitness,Cardio Equipment,https://m.media-amazon.com/images/I/71wiHrCLRBL._AC_UL320_.jpg,https://www.amazon.in/Powermax-Fitness-BX-110SX-Bike-Back/dp/B01NAK8FZD/ref=sr_1_223?qid=1679218168&s=sports&sr=1-223,4.4,698,"₹12,699","₹17,832"
"Gmefvr Foldable Pedal Exerciser Bike, Mini Bike Portable Home Fitness Exercise Bike with Monitor, Anti-Skid Mat, None Slip...",sports & fitness,Cardio Equipment,https://m.media-amazon.com/images/I/61TRUfdjsTL._AC_UL320_.jpg,https://www.amazon.in/Gmefvr-Exerciser-Anti-Skid-Resistance-Adjustable/dp/B0B21QC361/ref=sr_1_224?qid=1679218168&s=sports&sr=1-224,3.0,2,"₹2,999","₹6,999"
Inditradition Mini Pedal Exercise Sitting Pedal Fitness Bike Cycle with Digital LCD Display of Many Functions - Black/Silver,sports & fitness,Cardio Equipment,https://m.media-amazon.com/images/I/51ooejpT8CL._AC_UL320_.jpg,https://www.amazon.in/Inditradition-Exercise-Sitting-Fitness-Functions/dp/B08HSK64XV/ref=sr_1_225?qid=1679218168&s=sports&sr=1-225,3.7,99,"₹1,499","₹3,000"
"Durafit - Sturdy, Stable and Strong Durafit Surge | 4 HP Peak DC Motorized Foldable Treadmill | Auto Incline | Home Cardio...",sports & fitness,Cardio Equipment,https://m.media-amazon.com/images/I/51iItDq5RNL._AC_UL320_.jpg,https://www.amazon.in/Durafit-Athletic-Motorized-Treadmill-Incline/dp/B08T9WP8FB/ref=sr_1_226?qid=1679218168&s=sports&sr=1-226,4.6,160,"₹33,698","₹64,999"
Mse Mini Pedal Leg Cycle Home Roller Bicycle Weight Loss Walking Knee Joint Upright Exercise Bike,sports & fitness,Cardio Equipment,https://m.media-amazon.com/images/I/61nJfwARpKL._AC_UL320_.jpg,https://www.amazon.in/Roller-Bicycle-Walking-Upright-Exercise/dp/B06W2HQJJB/ref=sr_1_227?qid=1679218168&s=sports&sr=1-227,3.8,27,"₹1,789","₹2,699"
Dr. Care Mini Cycle Pedal Exerciser with Adjustable Resistance and Digital Display - Suitable for Light Exercise of Legs &...,sports & fitness,Cardio Equipment,https://m.media-amazon.com/images/I/41rpXvFDNyL._AC_UL320_.jpg,https://www.amazon.in/Dr-Care-Pedal-Exerciser-Adjustable/dp/B0BRXZVQWF/ref=sr_1_228?qid=1679218168&s=sports&sr=1-228,Get,FREE Delivery by Amazon,"₹1,549","₹2,499"
Pedal Exerciser Exercise Cycle Mini Pedal Exerciser LCD Counter Exercise Bike Indoor Fitness Resistance Home Gym Potable E...,sports & fitness,Cardio Equipment,https://m.media-amazon.com/images/I/51RXX59cJYL._AC_UL320_.jpg,https://www.amazon.in/Presens-PEDAL-EXERCISER/dp/B07Q875K59/ref=sr_1_229?qid=1679218168&s=sports&sr=1-229,5.0,1,"₹3,779","₹6,000"
"Cockatoo Premium Range Auto Incline Series 3HP - 6HP Peak with Auto Incline Treadmill for Home & Max Speed 16 Km/Hr, (Free...",sports & fitness,Cardio Equipment,https://m.media-amazon.com/images/I/41afP7utKeL._AC_UL320_.jpg,https://www.amazon.in/Cockatoo-CTM14-Motorised-Treadmill-Incline/dp/B07PDHS8FQ/ref=sr_1_230?qid=1679218168&s=sports&sr=1-230,4.1,296,"₹33,990","₹55,000"
"Spryser DM150 (2.5 HP Peak) Manual Incline Motorized Treadmill for Home with 12 preset Workouts, Max Speed 12km/hr. (Free ...",sports & fitness,Cardio Equipment,https://m.media-amazon.com/images/I/51sH7MtwOKL._AC_UL320_.jpg,https://www.amazon.in/Spryser-Motorized-Treadmill-Installation-Assistance/dp/B0BPC6V1MK/ref=sr_1_231?qid=1679218168&s=sports&sr=1-231,3.0,3,"₹17,999","₹41,999"
GOCART WITH G LOGO Foldable Mini Exercise Bike Pedals Peddler Exerciser for Arms and Legs for Office or Home,sports & fitness,Cardio Equipment,https://m.media-amazon.com/images/I/61D9UPPYqgL._AC_UL320_.jpg,https://www.amazon.in/GOCART-LOGO-Foldable-Resistance-Exerciser/dp/B08VWR61XC/ref=sr_1_232?qid=1679218168&s=sports&sr=1-232,3.9,27,"₹1,599","₹5,999"
Nodens Fitness TMA-008 (2 HP Peak) Automatic Treadmill (Free Installation Assistance) - Foldable Motorized Treadmill for H...,sports & fitness,Cardio Equipment,https://m.media-amazon.com/images/I/71Bbpbq2E-L._AC_UL320_.jpg,https://www.amazon.in/Fitness-Automatic-Treadmill-Installation-Assistance/dp/B08F2ZCHPJ/ref=sr_1_233?qid=1679218168&s=sports&sr=1-233,3.1,3,"₹19,476","₹35,000"
FITX Manual Treadmill 4 in 1 Multi J-1560 for Home,sports & fitness,Cardio Equipment,https://m.media-amazon.com/images/I/71o3SPf90-L._AC_UL320_.jpg,https://www.amazon.in/FITX-Manual-Treadmill-Multi-J-1560/dp/B0BQCFB54T/ref=sr_1_234?qid=1679218168&s=sports&sr=1-234,,,"₹12,999","₹31,061"
AGARO Royal Under Desk Elliptical Exercise Machine Mini Exercise Bike Cycle for Home Office Workout Exercise Equipment Ped...,sports & fitness,Cardio Equipment,https://m.media-amazon.com/images/I/717+ism53pL._AC_UL320_.jpg,https://www.amazon.in/AGARO-Elliptical-Equipment-Adjustable-Resistance/dp/B09SKKY655/ref=sr_1_235?qid=1679218168&s=sports&sr=1-235,4.8,17,"₹7,999","₹13,990"
"Dratal Stainless Steel and Robust PVC and Rubber Fitness Exercise Machine Mini Stepper, Household Hydraulic Mute Stepper M...",sports & fitness,Cardio Equipment,https://m.media-amazon.com/images/I/51ZaHCrGQ+L._AC_UL320_.jpg,https://www.amazon.in/Dratal-Exercise-Household-Hydraulic-Multi-Function/dp/B08H1YLDBH/ref=sr_1_236?qid=1679218168&s=sports&sr=1-236,3.6,29,"₹6,499","₹9,999"
"Durafit Heavy 5 HP Peak DC Motor Treadmill Max User Weight 120 Kgs, Manual Incline, Max Speed 16 Km/hr",sports & fitness,Cardio Equipment,https://m.media-amazon.com/images/I/511vSuUsxGL._AC_UL320_.jpg,https://www.amazon.in/Durafit-Heavy-2-5-Peak-Treadmill/dp/B077ZHJ65G/ref=sr_1_237?qid=1679218168&s=sports&sr=1-237,4.6,615,"₹34,698","₹64,999"
Hercules DB22 Dual Exercise Bike,sports & fitness,Cardio Equipment,https://m.media-amazon.com/images/I/31zNNakg-PL._AC_UL320_.jpg,https://www.amazon.in/Hercules-DB22-Dual-Exercise-Bike/dp/B09B1ZS515/ref=sr_1_238?qid=1679218168&s=sports&sr=1-238,5.0,1,"₹22,999","₹25,000"
Reach Vision Magnetic Stationary Bike with Adjustable Professional Handlebar and Magnetic Resistance | Belt Drive Spin Bik...,sports & fitness,Cardio Equipment,https://m.media-amazon.com/images/I/61rCo5dwgPL._AC_UL320_.jpg,https://www.amazon.in/Reach-Stationary-Adjustable-Professional-Handlebar/dp/B08T1QP9BZ/ref=sr_1_239?qid=1679218168&s=sports&sr=1-239,4.2,114,"₹17,499","₹29,999"
"Cult.Sport smartROW X1 Water Rowing Machine with Free Diet Plan, Installation I16Level Resistance I Max Weight 150Kg for F...",sports & fitness,Cardio Equipment,https://m.media-amazon.com/images/I/51JlhddaKhL._AC_UL320_.jpg,https://www.amazon.in/Cult-Sport-smartROW-Installation-I16Level-Resistance/dp/B0BBQR3DW3/ref=sr_1_240?qid=1679218168&s=sports&sr=1-240,4.2,13,"₹41,999","₹1,10,990"
Lifelong Orbitrek Exercise Cycle and Cross Trainer Bike|Dual Trainer 2 in 1 Home Fitness Gym Equipment|Designed for Comple...,sports & fitness,Cardio Equipment,https://m.media-amazon.com/images/I/51dGyB0bSmL._AC_UL320_.jpg,https://www.amazon.in/Lifelong-Orbitrek-Exercise-Equipment-Designed/dp/B09Y7W4WW5/ref=sr_1_241?qid=1679218169&s=sports&sr=1-241,3.9,10,"₹11,399","₹20,999"
KLIP 2 DEAL Under Desk Pedal Exerciser Bike | Perfect Physiotherapy Fitness Care Exerciser for Arm and Leg Workout | Pedal...,sports & fitness,Cardio Equipment,https://m.media-amazon.com/images/I/51n5cojMflL._AC_UL320_.jpg,https://www.amazon.in/KLIP-DEAL-Exerciser-Perfect-Physiotherapy/dp/B09RVCP8CJ/ref=sr_1_242?qid=1679218169&s=sports&sr=1-242,,,"₹2,499","₹5,000"
"Cultsport smartbike c2 Bluetooth Enabled Exercise Spin Bike with Flywheel: 13.3lbs, Max Weight: 110kg, Free At Home Instal...",sports & fitness,Cardio Equipment,https://m.media-amazon.com/images/I/51zmgOAS2VL._AC_UL320_.jpg,https://www.amazon.in/Cultsport-smartbike-c2-Bluetooth-Exercise/dp/B0B1MYRX95/ref=sr_1_243?qid=1679218169&s=sports&sr=1-243,4.3,33,"₹20,499","₹44,899"
"Kobo TM-210 Multi Function 2 HP - 4 HP Peak DC Motorised Treadmill for Home Use with Bluetooth Connectivity APP, Free Inst...",sports & fitness,Cardio Equipment,https://m.media-amazon.com/images/I/812eb1mTF+L._AC_UL320_.jpg,https://www.amazon.in/Kobo-TM-210-Multi-Function-Connectivity/dp/B0B8JG1H8Y/ref=sr_1_244?qid=1679218169&s=sports&sr=1-244,,,"₹35,499","₹67,000"
beatXP Fireclaw Spin Exercise Bike|Exercise Cycle for Home & Gym Workout with 6 kg Flywheel|Max Weight - 110 kg|LCD Monito...,sports & fitness,Cardio Equipment,https://m.media-amazon.com/images/I/618lLwY5PGL._AC_UL320_.jpg,https://www.amazon.in/beatXP-Fireclaw-Exercise-Workout-Flywheel/dp/B0BBBC5969/ref=sr_1_245?qid=1679218169&s=sports&sr=1-245,3.5,27,"₹12,449","₹24,999"
"GOPLUS Folding Pedal Exerciser, Adjustable Resistance Mini Exercise Bike Lightweight Indoor Foot Peddler Desk Bike with El...",sports & fitness,Cardio Equipment,https://m.media-amazon.com/images/I/515gSGRkSYL._AC_UL320_.jpg,https://www.amazon.in/Exerciser-Adjustable-Resistance-Lightweight-Electronic/dp/B07DKWS4HD/ref=sr_1_246?qid=1679218169&s=sports&sr=1-246,4.0,112,"₹1,649","₹2,499"
Fitkit FK700 Magnetic Upright Fitness X-Bike with Back Support with Free 3 Month Diet and Fitness Plan by certified Dietit...,sports & fitness,Cardio Equipment,https://m.media-amazon.com/images/I/51rhtyZOQbL._AC_UL320_.jpg,https://www.amazon.in/Fitkit-FK700-Magnetic-Upright-Installation/dp/B07T9QT6JT/ref=sr_1_247?qid=1679218169&s=sports&sr=1-247,3.8,9,"₹15,298","₹22,990"
"DOLPHY Acrylonitrile Butadiene Styrene Exercise Spin Bike, Red & Black",sports & fitness,Cardio Equipment,https://m.media-amazon.com/images/I/61yLS8KT2nL._AC_UL320_.jpg,https://www.amazon.in/Dolphy-Exercise-Spin-Indoor-Cycling/dp/B07WS1CG9G/ref=sr_1_248?qid=1679218169&s=sports&sr=1-248,4.3,130,"₹15,912","₹29,999"
"SPARNOD FITNESS SAB-05_R Air Bike Exercise Cycle for Home Gym - Dual Action for Full Body Workout - Adjustable Resistance,...",sports & fitness,Cardio Equipment,https://m.media-amazon.com/images/I/51cPL3vmnDL._AC_UL320_.jpg,https://www.amazon.in/SPARNOD-FITNESS-SAB-05_R-Exercise-Cycle/dp/B09VC5FF6N/ref=sr_1_249?qid=1679218169&s=sports&sr=1-249,4.3,98,"₹7,198","₹18,000"
"Cosco fitness CEB Wave 60 U Upright Bike , Black",sports & fitness,Cardio Equipment,https://m.media-amazon.com/images/I/51+l+xmcBdL._AC_UL320_.jpg,https://www.amazon.in/Cosco-fitness-Wave-Upright-Bike/dp/B07N8TN5D5/ref=sr_1_250?qid=1679218169&s=sports&sr=1-250,4.2,16,"₹17,238","₹24,999"
"Sparnod Fitness SAB-03 Upright Air Bike Exercise Cycle for Home Gym - Adjustable Resistance, Height Adjustable Seat (Do It...",sports & fitness,Cardio Equipment,https://m.media-amazon.com/images/I/61ZADrnqSlL._AC_UL320_.jpg,https://www.amazon.in/Sparnod-Fitness-SAB-03-Exercise-Cycle/dp/B082XTPTBN/ref=sr_1_251?qid=1679218169&s=sports&sr=1-251,4.2,322,"₹5,983.12","₹15,000"
Reach T-301 Folding Treadmill Peak 4 HP | Foldable Home Fitness Equipment with LCD Display for Walking & Running | Cardio ...,sports & fitness,Cardio Equipment,https://m.media-amazon.com/images/I/61cCZHKNaJL._AC_UL320_.jpg,https://www.amazon.in/Reach-Motorized-Bluetooth-Cushioning-Treadmill/dp/B07L4SS7BQ/ref=sr_1_252?qid=1679218169&s=sports&sr=1-252,4.5,138,"₹24,999","₹42,666"
HVG TRADERS Pedal Exerciser Mini Exercise Bike Arm and Leg Exercise Peddler Machine,sports & fitness,Cardio Equipment,https://m.media-amazon.com/images/I/61yOS9iNiQL._AC_UL320_.jpg,https://www.amazon.in/HVG-TRADERS-Exerciser-Exercise-Peddler/dp/B0BQM7L93L/ref=sr_1_253?qid=1679218169&s=sports&sr=1-253,4.0,1,"₹1,498","₹2,499"
"INDIAHUNK Multifunction Timing Plank Trainer, Plank Trainer with Timer, Chest Muscle Waist and Abdomen Training Equipment ...",sports & fitness,Cardio Equipment,https://m.media-amazon.com/images/I/510OnwXN0sL._AC_UL320_.jpg,https://www.amazon.in/INDIAHUNK-Multifunction-Trainer-Training-Equipment/dp/B0BKL8RKT6/ref=sr_1_254?qid=1679218169&s=sports&sr=1-254,,,"₹2,499","₹4,999"
"Scizor Aerobic Stepper, Elliptical Pe'dal Exerciser, Portable Twist Stair Stepper, Premium Compact Elliptical, Home Exerci...",sports & fitness,Cardio Equipment,https://m.media-amazon.com/images/I/61lcNpWI5aS._AC_UL320_.jpg,https://www.amazon.in/Scizor-Elliptical-Exerciser-Equipment-Endurance/dp/B091YQXSJG/ref=sr_1_255?qid=1679218169&s=sports&sr=1-255,4.2,6,"₹5,999","₹9,999"
"Flexnest Flexrower Plus Smart Imported Wood Bluetooth-Enabled Water Rower Rowing Machine, for Home with Classes from Train...",sports & fitness,Cardio Equipment,https://m.media-amazon.com/images/I/61VPmxui0XL._AC_UL320_.jpg,https://www.amazon.in/Flexnest-Flexrower-Bluetooth-Enabled-Trainers-Exercise/dp/B09TWCQFYH/ref=sr_1_256?qid=1679218169&s=sports&sr=1-256,4.0,36,"₹59,999","₹1,19,999"
SIGNATRON Treadmill Safety Key | Universal Treadmill Magnet Security Lock | Fitness Replacement Kit for All Types of Tread...,sports & fitness,Cardio Equipment,https://m.media-amazon.com/images/I/41L6+F+LKtL._AC_UL320_.jpg,https://www.amazon.in/SIGNATRON-Universal-Treadmill-Magnetic-Security/dp/B08TBR55RH/ref=sr_1_257?qid=1679218169&s=sports&sr=1-257,4.4,25,₹380,₹499
HVG TRADERS Mini Cycle Pedal Exerciser with Adjustable Resistance and Digital Display - Suitable for Light Exercise of Leg...,sports & fitness,Cardio Equipment,https://m.media-amazon.com/images/I/51gnNUZlD3L._AC_UL320_.jpg,https://www.amazon.in/HVG-TRADERS-Exerciser-Adjustable-Resistance/dp/B0BPLQ11P9/ref=sr_1_258?qid=1679218169&s=sports&sr=1-258,4.0,4,"₹1,498","₹2,499"
"Lifelong LLF108 FitPro Stationary Exercise Belt Bike for Weight Loss at Home with Display and Resistance Control, White (F...",sports & fitness,Cardio Equipment,https://m.media-amazon.com/images/I/61vN+HXG+WL._AC_UL320_.jpg,https://www.amazon.in/Lifelong-LLF108-Stationary-Resistance-Installation/dp/B08GCJZLVQ/ref=sr_1_259?qid=1679218169&s=sports&sr=1-259,3.7,167,"₹4,699","₹14,500"
"FITTYFY INALSA Spin Bike Exercise Bike FFSB 10 with 10Kg Flywheel| Adjustable Resistance, Heart Rate Sensor| Bottle & Bott...",sports & fitness,Cardio Equipment,https://m.media-amazon.com/images/I/61Fll+KL9jL._AC_UL320_.jpg,https://www.amazon.in/Exercise-Flywheel-Adjustable-Resistance-FITTYFY/dp/B09FGQ4P5C/ref=sr_1_260?qid=1679218169&s=sports&sr=1-260,3.9,16,"₹9,499","₹32,999"
"Cockatoo CTM-11LPLUS 3HP - 6HP Peak DC Motorised Multi Function Treadmill for Home with Manual Incline, Max Speed 14Km/Hr,...",sports & fitness,Cardio Equipment,https://m.media-amazon.com/images/I/41ChjkU-Y7S._AC_UL320_.jpg,https://www.amazon.in/Cockatoo-CTM-11LPLUS-3HP-Installation-Assistance/dp/B09968D4X5/ref=sr_1_261?qid=1679218169&s=sports&sr=1-261,3.6,41,"₹29,990","₹55,000"
Treadmill Belt for Customization Call or Whatsapp on 9811334039 (Please Mention Contact no. for Size Confirmation),sports & fitness,Cardio Equipment,https://m.media-amazon.com/images/I/81drphbsEDL._AC_UL320_.jpg,https://www.amazon.in/Treadmill-Belt-131-21-inch/dp/B09DBMDXJD/ref=sr_1_262?qid=1679218169&s=sports&sr=1-262,4.5,34,"₹5,999","₹7,800"
"PowerMax Fitness Marvel MT-1M Iron Man Edition 4HP Peak Smart Folding Electric Treadmill with Manual Incline, MP3, Speake...",sports & fitness,Cardio Equipment,https://m.media-amazon.com/images/I/71JEQ8ikuLL._AC_UL320_.jpg,https://www.amazon.in/PowerMax-Fitness-MT-1M-Electric-Treadmill/dp/B09CMPXVYS/ref=sr_1_263?qid=1679218169&s=sports&sr=1-263,4.6,54,"₹28,600","₹94,000"
kitoro Running Machine Safety Key Treadmill Magnetic Security Switch Lock Gym Round Plug,sports & fitness,Cardio Equipment,https://m.media-amazon.com/images/I/61CzhNjN84L._AC_UL320_.jpg,https://www.amazon.in/kitoro-Running-Machine-Treadmill-Magnetic-Security/dp/B0BS479VL4/ref=sr_1_264?qid=1679218169&s=sports&sr=1-264,,,"₹1,323","₹3,969"
Kobo SB-4 with 13 Kg Fly Wheel Exercise Spin Bike (Imported),sports & fitness,Cardio Equipment,https://m.media-amazon.com/images/I/61jpKgbbfQL._AC_UL320_.jpg,https://www.amazon.in/Kobo-SB-4-Wheel-Exercise-Spin/dp/B07N8DBPLX/ref=sr_1_529?qid=1679218174&s=sports&sr=1-529,3.8,59,"₹18,999","₹40,000"
Multipurpose 100% Silicone Lubricant for Treadmill Belt and Gym Equipment 100 ml Pack of 2,sports & fitness,Cardio Equipment,https://m.media-amazon.com/images/I/81g4-Q1T7vL._AC_UL320_.jpg,https://www.amazon.in/Multipurpose-Silicone-Lubricant-Treadmill-Equipment/dp/B0B151XL8D/ref=sr_1_530?qid=1679218174&s=sports&sr=1-530,5.0,1,₹299,₹590
"PTMX3 2hp(4hp Peak) 100% pre-Installed Foldable Motorized Treadmill with LED Touch Interactive Display, Bluetooth Speaker,...",sports & fitness,Cardio Equipment,https://m.media-amazon.com/images/I/6137UY1gV7L._AC_UL320_.jpg,https://www.amazon.in/WELCARE-Pre-Installed-Motorized-Interactive-Smartphone/dp/B09BD1BS9V/ref=sr_1_531?qid=1679218174&s=sports&sr=1-531,4.3,89,,"₹34,500"
Kobo Spin Bike Exercise Bike Commercial with Steel Wheel 20 Kg (IMPORTED),sports & fitness,Cardio Equipment,https://m.media-amazon.com/images/I/81j2r0R9g5L._AC_UL320_.jpg,https://www.amazon.in/Kobo-OB-5-Steel-Exercise-Multicolour/dp/B07HN12XDG/ref=sr_1_532?qid=1679218174&s=sports&sr=1-532,3.9,2,"₹20,999","₹55,000"
Body Gym Platinum Air Bike Exercise Cycle with Back Support and Twister for Weight Loss at Home,sports & fitness,Cardio Equipment,https://m.media-amazon.com/images/I/41M2+abfVnL._AC_UL320_.jpg,https://www.amazon.in/Platinum-Exercise-Abdominal-Exerciser-Healthcare/dp/B07BWWWZKV/ref=sr_1_533?qid=1679218174&s=sports&sr=1-533,3.7,30,"₹7,990","₹17,000"
"PowerMax Fitness EH-760 Elliptical Cross Trainer with Water Bottle Cage, Preset Programs, Motorized Magnetic Brake System ...",sports & fitness,Cardio Equipment,https://m.media-amazon.com/images/I/51VZJwoayzL._AC_UL320_.jpg,https://www.amazon.in/PowerMax-Fitness-EH-760-Elliptical-Motorized/dp/B09J1FPQ1N/ref=sr_1_534?qid=1679218174&s=sports&sr=1-534,4.1,62,"₹37,999","₹88,000"
"Uten Folding Pedal Exerciser, Mini Exercise Bike, Portable Foot Peddler Desk Bike for Leg and Arm Exercisers, Adjustable S...",sports & fitness,Cardio Equipment,https://m.media-amazon.com/images/I/61BMOElxOFL._AC_UL320_.jpg,https://www.amazon.in/Uten-Exerciser-Exercisers-Adjustable-Electronic/dp/B08XXBR549/ref=sr_1_535?qid=1679218174&s=sports&sr=1-535,4.2,"1,103","₹1,699","₹2,999"
Endless TM-515 Blend (2.5 HP) Motorized Treadmill (with Massager)-Max Speed 14KM/HR (Black) (with Massager),sports & fitness,Cardio Equipment,https://m.media-amazon.com/images/I/61XYNbSQ1IL._AC_UL320_.jpg,https://www.amazon.in/Endless-TM-515-Motorized-Treadmill-Massager/dp/B07VCJRM3R/ref=sr_1_536?qid=1679218174&s=sports&sr=1-536,3.0,20,,
"Kobo SB-5 Steel Exercise Spin Bike, Black",sports & fitness,Cardio Equipment,https://m.media-amazon.com/images/I/61nfwEJ105L._AC_UL320_.jpg,https://www.amazon.in/Kobo-SB-5-Steel-Exercise-Black/dp/B07N8BTDS1/ref=sr_1_537?qid=1679218174&s=sports&sr=1-537,3.9,63,"₹10,999","₹24,000"
"Aerofit Af 601 Es Elliptical Cross Trainer With Hand Grip Pulse Sensor, Multicolour",sports & fitness,Cardio Equipment,https://m.media-amazon.com/images/I/41JvVl99yHL._AC_UL320_.jpg,https://www.amazon.in/Aerofit-Elliptical-Cross-Trainer-Sensor/dp/B07J6G47ZX/ref=sr_1_538?qid=1679218174&s=sports&sr=1-538,3.4,7,"₹26,950","₹35,000"
Fitline Straight Rubber Barbell Rod with 10 Kg Fixed Weight Lifting for Home Gym Workout,sports & fitness,Cardio Equipment,https://m.media-amazon.com/images/I/41HVRzLP-eL._AC_UL320_.jpg,https://www.amazon.in/Fitline-Straight-Barbell-Lifting-Workout/dp/B0BVG85QZR/ref=sr_1_539?qid=1679218174&s=sports&sr=1-539,,,,
"AGARO Alpha Magnetic Crosstrainer, 8 Magnetic Resistance Levels, LCD Monitor, Pulse Meter, Calorie Meter with 8Kg Fly Whee...",sports & fitness,Cardio Equipment,https://m.media-amazon.com/images/I/61IfHiXdmAL._AC_UL320_.jpg,https://www.amazon.in/AGARO-Magnetic-Crosstrainer-Resistance-Equipment/dp/B09NYDQ6PG/ref=sr_1_540?qid=1679218174&s=sports&sr=1-540,3.7,3,"₹36,381","₹55,990"
Avon Magnetic Exercise X Bike-924.Cycling at your Home,sports & fitness,Cardio Equipment,https://m.media-amazon.com/images/I/61iYH9vxBZL._AC_UL320_.jpg,https://www.amazon.in/Avon-Magnetic-Exercise-Bike-924-Cycling-Home/dp/B09LQM8Y63/ref=sr_1_541?qid=1679218174&s=sports&sr=1-541,2.8,7,"₹9,999","₹25,083"
TOPHAVEN Portable Pedal Exerciser - Arm & Leg Exercise Peddler Machine - Low Impact Desk Cycle - Fitness Equipment for Sen...,sports & fitness,Cardio Equipment,https://m.media-amazon.com/images/I/51BSiTrN75L._AC_UL320_.jpg,https://www.amazon.in/TOPHAVEN-Portable-Pedal-Exerciser-Equipment/dp/B07RS43LKV/ref=sr_1_542?qid=1679218174&s=sports&sr=1-542,3.5,25,,
Healthex Exercise Cycle For Weight Loss At Home || Cycle 201 For Home Use,sports & fitness,Cardio Equipment,https://m.media-amazon.com/images/I/516566zDLuL._AC_UL320_.jpg,https://www.amazon.in/Healthex-Exercise-Cycle-Weight-Sweat/dp/B07CMX1ZR4/ref=sr_1_543?qid=1679218174&s=sports&sr=1-543,3.7,29,"₹5,490","₹12,000"
BLUNTFIT Treadmill Safety Key | Universal Treadmill Magnet Security Lock | Fitness Replacement Kit for All Treadmill- Red,sports & fitness,Cardio Equipment,https://m.media-amazon.com/images/I/71DIsEy6BZS._AC_UL320_.jpg,https://www.amazon.in/BLUNTFIT-Treadmill-Fitness-Replacement-Treadmill/dp/B0BWHDZMBD/ref=sr_1_544?qid=1679218174&s=sports&sr=1-544,5.0,2,,
"Mini Cycle Pedal Exerciser with Adjustable Resistance and Digital Display - Suitable for Light Exercise of Legs & Arms, an...",sports & fitness,Cardio Equipment,https://m.media-amazon.com/images/I/31fY0zeq+SL._AC_UL320_.jpg,https://www.amazon.in/Exerciser-Adjustable-Resistance-Digital-Display/dp/B0BRJBBXK8/ref=sr_1_545?qid=1679218174&s=sports&sr=1-545,,,"₹2,150","₹2,999"
Ps Fitness Service Motor 1.5 Hp Treadmill for Treadmill Spare Part | M|,sports & fitness,Cardio Equipment,https://m.media-amazon.com/images/I/41xoCce1k4L._AC_UL320_.jpg,https://www.amazon.in/Fitness-Service-Motor-Treadmill-Spare/dp/B0BD5KGR8X/ref=sr_1_546?qid=1679218174&s=sports&sr=1-546,,,"₹7,230","₹10,250"
"Exercise Bike For Cardio Training, Stationary Bikes, Flywheel Bicycle With Resistance For Home Gym, Adjustable Seat, Indoo...",sports & fitness,Cardio Equipment,https://m.media-amazon.com/images/I/41gQSkIGCML._AC_UL320_.jpg,https://www.amazon.in/Exercise-Training-Stationary-Resistance-Adjustable/dp/B0B5LKNGPN/ref=sr_1_547?qid=1679218174&s=sports&sr=1-547,1.0,1,"₹14,899","₹19,999"
Mishrit Mini Digital Fitness Cycle | Indoor Foot Paddle Exerciser with Adjustable Resistance LCD Display Calorie Counter |...,sports & fitness,Cardio Equipment,https://m.media-amazon.com/images/I/71Z98n-tXjL._AC_UL320_.jpg,https://www.amazon.in/Mishrit-Exerciser-Adjustable-Resistance-Exercise/dp/B08YXFSMG8/ref=sr_1_548?qid=1679218174&s=sports&sr=1-548,3.6,5,"₹1,999","₹4,815"
AGARO Acute Motorized Treadmill 2.25 HP (Peak 4.5 HP) Folding Treadmill,sports & fitness,Cardio Equipment,https://m.media-amazon.com/images/I/8170JRzdW4L._AC_UL320_.jpg,https://www.amazon.in/AGARO-Motorized-Treadmill-Automatic-Programs/dp/B08J43ZJZN/ref=sr_1_549?qid=1679218174&s=sports&sr=1-549,4.4,98,"₹36,599","₹74,999"
Sparnod Fitness SOB-1000 Dual Orbitrek Elliptical Cross Trainer Cum Exercise Cycle Machine for Home Gym (Free Installation...,sports & fitness,Cardio Equipment,https://m.media-amazon.com/images/I/41K7Q9PguML._AC_UL320_.jpg,https://www.amazon.in/SOB-1000-Orbitrek-Elliptical-Exercise-Installation/dp/B082XWC7F1/ref=sr_1_550?qid=1679218174&s=sports&sr=1-550,4.0,70,"₹9,833","₹25,000"
Stunner Fitness STX-355 2.0 HP (4.0 HP Peak) Motorised Treadmill with Auto Inclination | Bluetooth Speaker | Smart Phone A...,sports & fitness,Cardio Equipment,https://m.media-amazon.com/images/I/71okxOAODDL._AC_UL320_.jpg,https://www.amazon.in/Stunner-Fitness-STX-222-Motorised-Multicolour/dp/B07W6GM9DF/ref=sr_1_551?qid=1679218174&s=sports&sr=1-551,4.0,54,"₹31,999","₹79,000"
"Reach T- 501 5 HP Peak | Home Gym Equipment For Cardio | Auto Incline Treadmill for Walking, Running & Jogging | Max User ...",sports & fitness,Cardio Equipment,https://m.media-amazon.com/images/I/51BUHAd-eKL._AC_UL320_.jpg,https://www.amazon.in/Treadmill-inclination-Exercise-Equipment-Cushioning/dp/B07L4X1GZQ/ref=sr_1_552?qid=1679218174&s=sports&sr=1-552,3.9,65,"₹31,499","₹56,000"
Hercules Fitness Air Bike and Elliptical Cross Trainer for Home use with Dual Purpose - Home Gym Cardio,sports & fitness,Cardio Equipment,https://m.media-amazon.com/images/W/IMAGERENDERING_521856-T2/images/I/616M3RevFrS._AC_UL320_.jpg,https://www.amazon.in/Hercules-Fitness-Elliptical-Trainer-Purpose/dp/B09VZCXHP5/ref=sr_1_625?qid=1679218176&s=sports&sr=1-625,3.8,6,"₹16,750","₹19,990"
Physiostore Adjustable Aerobic Stepper Exercise Stepper Step Machine Cardio Stepper Workout Stepper,sports & fitness,Cardio Equipment,https://m.media-amazon.com/images/W/IMAGERENDERING_521856-T2/images/I/71POUWWGP6L._AC_UL320_.jpg,https://www.amazon.in/Physiostore-Adjustable-Aerobic-Stepper-Exercise/dp/B09V3C2YCP/ref=sr_1_626?qid=1679218176&s=sports&sr=1-626,,,"₹3,100","₹4,500"
Kobo Imported Spin Bike Heavy Duty with 6 Kg Fly Wheel,sports & fitness,Cardio Equipment,https://m.media-amazon.com/images/W/IMAGERENDERING_521856-T2/images/I/61mEVKXpEuL._AC_UL320_.jpg,https://www.amazon.in/Kobo-Spin-Bike-Heavy-Wheel/dp/B09PL2TW7Y/ref=sr_1_627_mod_primary_new?qid=1679218176&s=sports&sbo=RZvfv%2F%2FHxDF%2BO5021pAnSA%3D%3D&sr=1-627,5.0,2,"₹11,999","₹24,000"
"Agudo Digital Portable Foot Pedal Exerciser Cycle for Home Gym Fitness with Non Slip Foot Pedals,Mini Stationary Bike Peda...",sports & fitness,Cardio Equipment,https://m.media-amazon.com/images/W/IMAGERENDERING_521856-T2/images/I/41BKbEFEVlL._AC_UL320_.jpg,https://www.amazon.in/Agudo-Portable-Exerciser-Stationary-Equipment/dp/B08M9WFNKR/ref=sr_1_628?qid=1679218176&s=sports&sr=1-628,Get,Only 1 left in stock.,"₹5,999","₹9,800"
AFTON Xterra TR 220 Treadmill (Black),sports & fitness,Cardio Equipment,https://m.media-amazon.com/images/W/IMAGERENDERING_521856-T2/images/I/81IuM7OTVvL._AC_UL320_.jpg,https://www.amazon.in/AFTON-Xterra-TR-220-Treadmill/dp/B0843PMBX3/ref=sr_1_629?qid=1679218176&s=sports&sr=1-629,4.5,4,"₹40,900","₹87,000"
"PowerMax Fitness TDM-115S 2HP (4HP Peak) Motorized Treadmill with Free Installation Assistance, Home Use & Semi Automatic ...",sports & fitness,Cardio Equipment,https://m.media-amazon.com/images/W/IMAGERENDERING_521856-T2/images/I/71lBina3QCL._AC_UL320_.jpg,https://www.amazon.in/Powermax-Fitness-TDM-115S-Semi-Auto-Lubrication/dp/B01LZCEJO9/ref=sr_1_630?qid=1679218176&s=sports&sr=1-630,3.9,60,"₹34,996","₹61,500"
Kobo Magnetic Exercise Bike/Home Gym,sports & fitness,Cardio Equipment,https://m.media-amazon.com/images/W/IMAGERENDERING_521856-T2/images/I/71ZrMS3Z+jL._AC_UL320_.jpg,https://www.amazon.in/Kobo-MB-2-Exercise-Bike-White/dp/B016XV24Y4/ref=sr_1_631?qid=1679218176&s=sports&sr=1-631,3.5,62,"₹9,974","₹18,999"
Lifeline LFMANTRD4-1 Treadmill (Black),sports & fitness,Cardio Equipment,https://m.media-amazon.com/images/W/IMAGERENDERING_521856-T2/images/I/31F5CL7gNwL._AC_UL320_.jpg,https://www.amazon.in/Lifeline-LFMANTRD4-1-Treadmill-Black/dp/B00J4EHO6G/ref=sr_1_632?qid=1679218176&s=sports&sr=1-632,3.7,57,"₹15,998","₹21,000"
SUPER MARCHE Fitness Steel Exercise Bike for Men and Women (Blue and Red),sports & fitness,Cardio Equipment,https://m.media-amazon.com/images/W/IMAGERENDERING_521856-T2/images/I/61OHYn8SfYL._AC_UL320_.jpg,https://www.amazon.in/SUPER-MARCHE-Fitness-Steel-Exercise/dp/B07KP6DBZ4/ref=sr_1_633?qid=1679218176&s=sports&sr=1-633,3.5,28,"₹5,059","₹7,080"
Aerofit Orbitrac Bike with Multi Read Out Display Time HF970 (Black),sports & fitness,Cardio Equipment,https://m.media-amazon.com/images/W/IMAGERENDERING_521856-T2/images/I/41a1+6jFoyL._AC_UL320_.jpg,https://www.amazon.in/Aerofit-Orbitrac-Multi-Display-HF970/dp/B00V3E9YXG/ref=sr_1_634?qid=1679218176&s=sports&sr=1-634,3.9,29,"₹26,849","₹30,000"
"Arcanine 3 in 1 Balance Stepper Mini Inflatable Stepper PVC Massage Points Wobble Balance Pillow Board Foot Pedal Trainer,...",sports & fitness,Cardio Equipment,https://m.media-amazon.com/images/W/IMAGERENDERING_521856-T2/images/I/61km-3i3lBL._AC_UL320_.jpg,https://www.amazon.in/Arcanine-Balance-Stepper-Inflatable-Massage/dp/B0BSH37K2Q/ref=sr_1_635?qid=1679218176&s=sports&sr=1-635,,,₹990,"₹1,999"
"OtG ON THE GO Aerobic Stepper for Cardio Workout with 2 Height Adjustments,4 Anti-Skid Rubber Pads on Legs & Slip-Resistan...",sports & fitness,Cardio Equipment,https://m.media-amazon.com/images/W/IMAGERENDERING_521856-T2/images/I/71f85NnB+iL._AC_UL320_.jpg,https://www.amazon.in/OtG-GO-Adjustments-Anti-Skid-Slip-Resistant/dp/B0BQF2JYTC/ref=sr_1_636?qid=1679218176&s=sports&sr=1-636,,,"₹3,265","₹7,499"
"AGARO Supreme Motorized Foldable Treadmill, AC Power 5HP (8HP Peak), Max User Weight 150Kg, Max Speed 20Km/Hr, 15 Level of...",sports & fitness,Cardio Equipment,https://m.media-amazon.com/images/W/IMAGERENDERING_521856-T2/images/I/71djqFia40L._AC_UL320_.jpg,https://www.amazon.in/AGARO-Motorized-Inclination-Assistance-Installation/dp/B09NPWLNN2/ref=sr_1_637?qid=1679218176&s=sports&sr=1-637,4.0,6,"₹77,199","₹1,59,990"
"PowerMax Fitness BU-515-AL502 Steel Magnetic Exercise Upright Bike, Grey, White",sports & fitness,Cardio Equipment,https://m.media-amazon.com/images/W/IMAGERENDERING_521856-T2/images/I/51LIX1slr0L._AC_UL320_.jpg,https://www.amazon.in/PowerMax-Fitness-BU-515-AL502-Exercise-Upright/dp/B08RWHN5KT/ref=sr_1_638?qid=1679218176&s=sports&sr=1-638,3.8,40,"₹14,990","₹23,000"
"DOLPHY DGBCL0002 Steel Tube Fully Adjustable Exercise Bike, Red & Black",sports & fitness,Cardio Equipment,https://m.media-amazon.com/images/W/IMAGERENDERING_521856-T2/images/I/81iEmlGMqRL._AC_UL320_.jpg,https://www.amazon.in/Dolphy-Exercise-Cycling-Stationary-Adjustable/dp/B07WW4RQBN/ref=sr_1_639?qid=1679218176&s=sports&sr=1-639,3.6,16,"₹18,619","₹32,999"
Kobo OB-8 Orbitrac Exercise Bike Cross Trainer Multi Function 2 in 1 (IMPORTED),sports & fitness,Cardio Equipment,https://m.media-amazon.com/images/W/IMAGERENDERING_521856-T2/images/I/61SMLnuybuL._AC_UL320_.jpg,https://www.amazon.in/Kobo-OB-8-Steel-Exercise-Multicolour/dp/B07HMYVNPD/ref=sr_1_640?qid=1679218176&s=sports&sr=1-640,3.6,14,"₹10,899","₹26,000"
Kobo BB-3 Exercise Fitness Home Gym Pedal Belt Bike (Imported),sports & fitness,Cardio Equipment,https://m.media-amazon.com/images/W/IMAGERENDERING_521856-T2/images/I/618wcFnHP6L._AC_UL320_.jpg,https://www.amazon.in/Kobo-BB-3-Pedal-Bike-White/dp/B00UN1HHR0/ref=sr_1_641?qid=1679218176&s=sports&sr=1-641,3.5,58,"₹5,099","₹8,200"
Kobo Recumbent Exercise Bike (Imported),sports & fitness,Cardio Equipment,https://m.media-amazon.com/images/W/IMAGERENDERING_521856-T2/images/I/61-LSeqgaLL._AC_UL320_.jpg,https://www.amazon.in/Kobo-Recumbent-Exercise-Bike-Imported/dp/B09MD4LWTG/ref=sr_1_642?qid=1679218176&s=sports&sr=1-642,3.0,2,"₹4,348.12","₹39,000"
IRIS Fitness Indoor Cycle Trainer Fitness Spin Bike-12 kgs Flywheel,sports & fitness,Cardio Equipment,https://m.media-amazon.com/images/W/IMAGERENDERING_521856-T2/images/I/41AJaT2JKZL._AC_UL320_.jpg,https://www.amazon.in/IRIS-Fitness-Trainer-Bike-12-Flywheel/dp/B09BFWVBF4/ref=sr_1_643?qid=1679218176&s=sports&sr=1-643,2.3,6,"₹13,999","₹28,000"
KAMACHI SB-08 Spin Bike with 13 Kg Fly Wheel Belt Drive Indoor Cycling for Home Cardio Gym Spinner Exercise Bike(Black),sports & fitness,Cardio Equipment,https://m.media-amazon.com/images/W/IMAGERENDERING_521856-T2/images/I/71-U0mV+swL._AC_UL320_.jpg,https://www.amazon.in/Kamachi-SB-08-Cycling-Spinner-Exercise/dp/B08QJ63FTY/ref=sr_1_644?qid=1679218176&s=sports&sr=1-644,4.0,11,"₹27,990","₹34,999"
"Lifelong LLTM72 5HP Fit Pro Treadmill with Heart Rate Sensor, 12 Preset Programs, 3 Level Manual Incline and 18Km/Hr Maxim...",sports & fitness,Cardio Equipment,https://m.media-amazon.com/images/W/IMAGERENDERING_521856-T2/images/I/81oWI2B0uuL._AC_UL320_.jpg,https://www.amazon.in/Lifelong-LLTM72-Treadmill-Installation-Assistance/dp/B08FJJ679L/ref=sr_1_645?qid=1679218176&s=sports&sr=1-645,4.1,6,"₹41,079","₹73,000"
Cosco CMTM-K-55 Treadmill (Multicolor),sports & fitness,Cardio Equipment,https://m.media-amazon.com/images/W/IMAGERENDERING_521856-T2/images/I/513tDxEoF9S._AC_UL320_.jpg,https://www.amazon.in/Cosco-COSCO-CMTM-K-55-Treadmill/dp/B07VRVGPTW/ref=sr_1_646?qid=1679218176&s=sports&sr=1-646,5.0,3,"₹83,980","₹98,800"
KAMACHI KTM-04 Home Use 2 HP Motorized Multi-Function Treadmill (Free Online Installation Assistance),sports & fitness,Cardio Equipment,https://m.media-amazon.com/images/W/IMAGERENDERING_521856-T2/images/I/51Zj4CP5XhL._AC_UL320_.jpg,https://www.amazon.in/KAMACHI-Motorised-Multi-Function-Installation-Assistance/dp/B07SFJKT1H/ref=sr_1_647?qid=1679218176&s=sports&sr=1-647,3.8,31,"₹26,999","₹41,999"
"National Bodyline TR-03 4 in 1 Manual Treadmill , Multicolour",sports & fitness,Cardio Equipment,https://m.media-amazon.com/images/W/IMAGERENDERING_521856-T2/images/I/71YHU6xtRAL._AC_UL320_.jpg,https://www.amazon.in/National-Bodyline-Manual-Treadmill-TR-03/dp/B07FMLPCTM/ref=sr_1_648?qid=1679218176&s=sports&sr=1-648,,,"₹17,786","₹29,182"
"PowerMax Fitness TAC-1500 4HP (6HP Peak) Motorized Treadmill with Free Installation Assistance, Commercial & Automatic Inc...",sports & fitness,Cardio Equipment,https://m.media-amazon.com/images/W/IMAGERENDERING_521856-T1/images/I/61mT4ZJzS0L._AC_UL320_.jpg,https://www.amazon.in/PowerMax-Fitness-Installation-Assistance-Commercial/dp/B083ZF4M6J/ref=sr_1_985?qid=1679218181&s=sports&sr=1-985,,,,
"PowerMax Fitness TA-C4 3HP (6HP Peak) Motorized Treadmill with Free Installation Assistance, Commercial & Automatic Incline",sports & fitness,Cardio Equipment,https://m.media-amazon.com/images/W/IMAGERENDERING_521856-T1/images/I/71N6UdpG28L._AC_UL320_.jpg,https://www.amazon.in/PowerMax-Fitness-TA-C4-Installation-Assistance/dp/B083ZBP446/ref=sr_1_986?qid=1679218181&s=sports&sr=1-986,4.0,1,"₹1,45,900","₹2,80,000"
R.D.ENTERPRICE Mini Cycle/Bike Foot Pedal Exerciser with Calorie Counter,sports & fitness,Cardio Equipment,https://m.media-amazon.com/images/W/IMAGERENDERING_521856-T1/images/I/61vtR7xnT-L._AC_UL320_.jpg,https://www.amazon.in/Pedal-Exercise-Exerciser-Calorie-Counter/dp/B082WKHNRD/ref=sr_1_987?qid=1679218181&s=sports&sr=1-987,4.2,4,,
Fitplus FSRM2402 Designer 1.75HP Motorized Treadmill with Free Installation and Free Health Plan,sports & fitness,Cardio Equipment,https://m.media-amazon.com/images/W/IMAGERENDERING_521856-T1/images/I/41iiuYswcUL._AC_UL320_.jpg,https://www.amazon.in/FSRM2402-Designer-Motorized-Treadmill-Installation/dp/B081D1X1YS/ref=sr_1_988?qid=1679218181&s=sports&sr=1-988,3.7,6,"₹22,472","₹49,999"
"FitnessOne's Propel HT55 - 3 HP Peak DC Motorized Running Treadmill for Home Use,【15 Preset Programs】, Metal Reinforced 3 ...",sports & fitness,Cardio Equipment,https://m.media-amazon.com/images/W/IMAGERENDERING_521856-T1/images/I/51VY6g4ZagL._AC_UL320_.jpg,https://www.amazon.in/Propel-FitnessOnes-Treadmill-Electric-Motorized/dp/B0813QY7SY/ref=sr_1_989?qid=1679218181&s=sports&sr=1-989,,,"₹32,900","₹56,900"
COSCO FITNESS Low Noise LCD Blue Screen Run-3.0 Treadmill,sports & fitness,Cardio Equipment,https://m.media-amazon.com/images/W/IMAGERENDERING_521856-T1/images/I/51yVcn7HrRS._AC_UL320_.jpg,https://www.amazon.in/COSCO-FITNESS-Run-3-0-Treadmill/dp/B07ZHLK8YZ/ref=sr_1_990?qid=1679218181&s=sports&sr=1-990,3.0,1,"₹76,400","₹89,900"
Prime Fitness Imported Platinum Air Bike PR 531 heavy duty for home use,sports & fitness,Cardio Equipment,https://m.media-amazon.com/images/W/IMAGERENDERING_521856-T1/images/I/71qHVGYjuML._AC_UL320_.jpg,https://www.amazon.in/Prime-Fitness-Platinum-Bike-Heavy/dp/B07Y6659T7/ref=sr_1_991?qid=1679218181&s=sports&sr=1-991,4.2,3,"₹9,599","₹15,051"
Cosco Run-1.0 Treadmill with LCD Display - Multicolor,sports & fitness,Cardio Equipment,https://m.media-amazon.com/images/W/IMAGERENDERING_521856-T1/images/I/5117l4xV87L._AC_UL320_.jpg,https://www.amazon.in/Cosco-COSCO-Run-1-0-Treadmill/dp/B07VPRH4YH/ref=sr_1_992?qid=1679218181&s=sports&sr=1-992,1.0,1,"₹45,400","₹54,800"
COSCO CGC-60 Group Cycling Bike,sports & fitness,Cardio Equipment,https://m.media-amazon.com/images/W/IMAGERENDERING_521856-T1/images/I/51lANt2H1UL._AC_UL320_.jpg,https://www.amazon.in/COSCO-CGC-60-Group-Cycling-Bike/dp/B07VNNTSJV/ref=sr_1_993?qid=1679218181&s=sports&sr=1-993,1.0,3,"₹35,000","₹39,500"
"Cosco CMTM-K-11 Treadmill (46 Kgs), Grey & Black",sports & fitness,Cardio Equipment,https://m.media-amazon.com/images/W/IMAGERENDERING_521856-T1/images/I/51vx15fM-lL._AC_UL320_.jpg,https://www.amazon.in/Cosco-COSCO-CMTM-K-11-Treadmill/dp/B07VMNZHZR/ref=sr_1_994?qid=1679218181&s=sports&sr=1-994,4.6,2,"₹43,888","₹52,600"
PowerMax Fitness RWC-1000 Water Rowing Machine with Digital Display for Commercial use,sports & fitness,Cardio Equipment,https://m.media-amazon.com/images/W/IMAGERENDERING_521856-T1/images/I/51ws7zdWYlL._AC_UL320_.jpg,https://www.amazon.in/PowerMax-Fitness-RWC-1000-Machine-Commercial/dp/B07TN2CF6Q/ref=sr_1_995?qid=1679218181&s=sports&sr=1-995,3.7,9,"₹59,299","₹75,000"
Viva Fitness T-755 AC Motor Treadmill - Black,sports & fitness,Cardio Equipment,https://m.media-amazon.com/images/W/IMAGERENDERING_521856-T1/images/I/51dhW4w+zcL._AC_UL320_.jpg,https://www.amazon.in/Viva-Fitness-T-755-Treadmill-Warranty/dp/B07QRQW5PZ/ref=sr_1_996?qid=1679218181&s=sports&sr=1-996,4.0,2,"₹79,998","₹1,02,500"
Healthex Steel Airbike Back Support and Moving Handle with Free Installation Assistance,sports & fitness,Cardio Equipment,https://m.media-amazon.com/images/W/IMAGERENDERING_521856-T1/images/I/61UEt9mDF4L._AC_UL320_.jpg,https://www.amazon.in/Healthex-Airbike-Support-Installation-Assistance/dp/B07PQMG61T/ref=sr_1_997?qid=1679218181&s=sports&sr=1-997,5.0,1,"₹7,899","₹14,000"
Gym Machine Spring Round Shape Cature Lock/3 inches,sports & fitness,Cardio Equipment,https://m.media-amazon.com/images/W/IMAGERENDERING_521856-T1/images/I/71IbKapMbpL._AC_UL320_.jpg,https://www.amazon.in/Machine-Spring-Round-Cature-inches/dp/B07NGTYR76/ref=sr_1_998?qid=1679218181&s=sports&sr=1-998,,,₹449,₹999
Cosco CEB Wave 600 U Upright Bike,sports & fitness,Cardio Equipment,https://m.media-amazon.com/images/W/IMAGERENDERING_521856-T1/images/I/51dZODFk3+L._AC_UL320_.jpg,https://www.amazon.in/Cosco-CEB-Wave-Upright-Bike/dp/B07N8TCM3G/ref=sr_1_999?qid=1679218181&s=sports&sr=1-999,3.0,1,"₹27,841","₹29,999"
Cockatoo CE-01 Steel Motorized Elliptical Exercise Bike (Multicolour),sports & fitness,Cardio Equipment,https://m.media-amazon.com/images/W/IMAGERENDERING_521856-T1/images/I/81iP72VZdaL._AC_UL320_.jpg,https://www.amazon.in/Cockatoo-CE-01-Motorized-Elliptical-Multicolour/dp/B07N6Q9XTT/ref=sr_1_1000?qid=1679218181&s=sports&sr=1-1000,3.6,20,,
"Kobo Fitness TM-114 (1.0 HP) Motorized Treadmill with Free Installation Assistance, Home Use & Automatic Programs, Others ...",sports & fitness,Cardio Equipment,https://m.media-amazon.com/images/W/IMAGERENDERING_521856-T1/images/I/71UU8lvVMCL._AC_UL320_.jpg,https://www.amazon.in/Kobo-TM-114-Motorized-Treadmill-Vibrator/dp/B07LFWTDD3/ref=sr_1_1001?qid=1679218181&s=sports&sr=1-1001,2.9,8,"₹16,999","₹37,000"
Colado fitness Moving Handle Gym bike For Home Use Dual Action Air bike with Back Support,sports & fitness,Cardio Equipment,https://m.media-amazon.com/images/W/IMAGERENDERING_521856-T1/images/I/317hg1TvcaL._AC_UL320_.jpg,https://www.amazon.in/Colado-Fitness-Moving-Handle-Support/dp/B07KYJLSRW/ref=sr_1_1002?qid=1679218181&s=sports&sr=1-1002,4.0,1,"₹8,599","₹12,599"
Cockatoo CTM07 6 HP Peak Motorised Auto-Incline & Multi-Function Treadmill(Free Installation),sports & fitness,Cardio Equipment,https://m.media-amazon.com/images/W/IMAGERENDERING_521856-T1/images/I/61PH26Qtg+L._AC_UL320_.jpg,https://www.amazon.in/Cockatoo-CTM-07-Multi-Function-Auto-Incline-Instalation/dp/B07JQR96GQ/ref=sr_1_1003?qid=1679218181&s=sports&sr=1-1003,2.3,5,,
iZED TUMMY ACCUPRESSURE TWISTER STEPPER RED FOR FITNESS 5 IN 1 Magnetic Disk Hot Sweating Body Shapers Slimming Tummy Twis...,sports & fitness,Cardio Equipment,https://m.media-amazon.com/images/W/IMAGERENDERING_521856-T1/images/I/51g2bjSuiTL._AC_UL320_.jpg,https://www.amazon.in/iZED-ACCUPRESSURE-Magnetic-Sweating-Slimming/dp/B07J56QDD4/ref=sr_1_1004?qid=1679218181&s=sports&sr=1-1004,3.0,1,₹499,₹749
E RELAX Adjustable Professional Training Aerobic Stepper; Aerobic Stepper; Step Platforms,sports & fitness,Cardio Equipment,https://m.media-amazon.com/images/W/IMAGERENDERING_521856-T1/images/I/41A0SY3bHpL._AC_UL320_.jpg,https://www.amazon.in/RELAX-Adjustable-Professional-Training-Platforms/dp/B07HVVNFKQ/ref=sr_1_1005?qid=1679218181&s=sports&sr=1-1005,,,"₹1,199","₹3,999"
Cockatoo C100AS-01 (100% Assembled) 1.5 HP Motorised Multi-Function Treadmill with G-Fit App Pairing,sports & fitness,Cardio Equipment,https://m.media-amazon.com/images/W/IMAGERENDERING_521856-T1/images/I/813R9Q+E99L._AC_UL320_.jpg,https://www.amazon.in/Cockatoo-Assembled-Motorised-Installation-Assistance/dp/B07HQLCLKG/ref=sr_1_1006?qid=1679218181&s=sports&sr=1-1006,3.8,5,,
Fitness TM-307 (3.0 HP) A.C Motorized Semi Commercial Auto Incline Treadmill and Free Installation Assistance,sports & fitness,Cardio Equipment,https://m.media-amazon.com/images/W/IMAGERENDERING_521856-T1/images/I/710K5I+lBuS._AC_UL320_.jpg,https://www.amazon.in/Kobo-TM-307-Motorised-Treadmill-Bluetooth/dp/B07HB7QCRP/ref=sr_1_1007?qid=1679218181&s=sports&sr=1-1007,4.1,4,"₹69,999","₹1,20,000"
Cockatoo C100AS-04 Smart Series 2.5HP Motorised Treadmill with AI Cushioning Technology & 100% Assembled,sports & fitness,Cardio Equipment,https://m.media-amazon.com/images/W/IMAGERENDERING_521856-T1/images/I/51r-CGEvbxL._AC_UL320_.jpg,https://www.amazon.in/Cockatoo-C100AS-04-Motorised-Installation-Assistance/dp/B07GZQ164J/ref=sr_1_1008?qid=1679218181&s=sports&sr=1-1008,3.8,5,,
"Fitline HIIT Stairclimber Full Body Workout for Exercise (Grey, FL_Stairclimbers-02)",sports & fitness,Cardio Equipment,https://m.media-amazon.com/images/W/IMAGERENDERING_521856-T1/images/I/61YHguACweL._AC_UL320_.jpg,https://www.amazon.in/Fitline-Stairclimber-Workout-Exercise-FL_Stairclimbers-02/dp/B0BVBR6NCY/ref=sr_1_1129?qid=1679218183&s=sports&sr=1-1129,,,,
"Fitline HIIT Pro Rower Full Body Workout for Exercise (Black, FL_Pro Rowers-01)",sports & fitness,Cardio Equipment,https://m.media-amazon.com/images/W/IMAGERENDERING_521856-T1/images/I/51jOoBf0X9L._AC_UL320_.jpg,https://www.amazon.in/Fitline-Workout-Exercise-FL_Pro-Rowers-01/dp/B0BVBQSCZ7/ref=sr_1_1130?qid=1679218183&s=sports&sr=1-1130,,,,
"FitnessOne Propel CT 92i - 3 HP AC Continuous (6 HP AC Peak) Motorized Commercial Treadmill, Max User Weight of 160 kgs, S...",sports & fitness,Cardio Equipment,https://m.media-amazon.com/images/W/IMAGERENDERING_521856-T1/images/I/61fEF5FqIIL._AC_UL320_.jpg,https://www.amazon.in/FitnessOne-Propel-CT-92i-Continuous/dp/B0BVBQKKC9/ref=sr_1_1131?qid=1679218183&s=sports&sr=1-1131,,,"₹1,35,120","₹1,68,900"
"Fitline Exercise Bikes Spin Bike - Transformer+ for Commercial Gym and Home Use (Black, FL_Exercise Bikes-01)",sports & fitness,Cardio Equipment,https://m.media-amazon.com/images/W/IMAGERENDERING_521856-T1/images/I/51z-5ePgUQL._AC_UL320_.jpg,https://www.amazon.in/Fitline-Exercise-Bikes-Spin-Bike/dp/B0BVBQ59FY/ref=sr_1_1132?qid=1679218183&s=sports&sr=1-1132,,,,
"Fitline Cardio Automatic Rapid Rage - Air Bike for Commercial Gym Fitness Running Machine (Black, FL_Treadmills-05)",sports & fitness,Cardio Equipment,https://m.media-amazon.com/images/W/IMAGERENDERING_521856-T1/images/I/51b6ovk50lL._AC_UL320_.jpg,https://www.amazon.in/Fitline-Cardio-Automatic-Rapid-Rage/dp/B0BVBP51ST/ref=sr_1_1133?qid=1679218183&s=sports&sr=1-1133,,,,
"Fitline Exercise Bikes Spin Bike for Commercial Gym and Home Use (Navy Blue & Red, FL_Exercise Bikes-04)",sports & fitness,Cardio Equipment,https://m.media-amazon.com/images/W/IMAGERENDERING_521856-T1/images/I/51AE2+wNxML._AC_UL320_.jpg,https://www.amazon.in/Fitline-Exercise-Commercial-FL_Exercise-Bikes-04/dp/B0BVBN2TXG/ref=sr_1_1134?qid=1679218183&s=sports&sr=1-1134,,,,
"Fitline Exercise Bikes Spin Bike (D-06 for Commercial Gym and Home Use (Dark Black, FL_Exercise Bikes-02)",sports & fitness,Cardio Equipment,https://m.media-amazon.com/images/W/IMAGERENDERING_521856-T1/images/I/51BK0W8eJQL._AC_UL320_.jpg,https://www.amazon.in/Fitline-Exercise-Commercial-FL_Exercise-Bikes-02/dp/B0BVBD8SFZ/ref=sr_1_1135?qid=1679218183&s=sports&sr=1-1135,,,,
"Fitline Exercise Bikes Upright Bike for Commercial Gym and Home Use (Oil Black, FL_Exercise Bikes-07)",sports & fitness,Cardio Equipment,https://m.media-amazon.com/images/W/IMAGERENDERING_521856-T1/images/I/51EO1PrGJnL._AC_UL320_.jpg,https://www.amazon.in/Fitline-Exercise-Commercial-FL_Exercise-Bikes-07/dp/B0BVBD7CR7/ref=sr_1_1136?qid=1679218183&s=sports&sr=1-1136,,,,
"Fitline Elite Latissimus Dorsi Pectoralis Major Rotator Cuff and Biceps Brachii LAT Pulldown (FE-04, Brown)",sports & fitness,Cardio Equipment,https://m.media-amazon.com/images/W/IMAGERENDERING_521856-T1/images/I/51bdhP8GMOL._AC_UL320_.jpg,https://www.amazon.in/Fitline-Latissimus-Pectoralis-Rotator-Pulldown/dp/B0BV7BHLK5/ref=sr_1_1137?qid=1679218183&s=sports&sr=1-1137,,,,
"Fitline Force Dual Station Chest Muscles, Upper Back and Shoulder Muscles, Rear deltoids PEC Fly/Rear Delt (FF-02, Brown)",sports & fitness,Cardio Equipment,https://m.media-amazon.com/images/W/IMAGERENDERING_521856-T1/images/I/518nivVN5LL._AC_UL320_.jpg,https://www.amazon.in/Fitline-Station-Muscles-Shoulder-deltoids/dp/B0BV74WP4V/ref=sr_1_1138?qid=1679218183&s=sports&sr=1-1138,,,,
"Fitline Chest, Triceps, Back, Shoulder, Biceps, Triceps, Core and Legs-Quads, Hamstring, Glutes, Abs and Calf Smith Machin...",sports & fitness,Cardio Equipment,https://m.media-amazon.com/images/W/IMAGERENDERING_521856-T1/images/I/51BLvNK8mvL._AC_UL320_.jpg,https://www.amazon.in/Fitline-Legs-Quads-Smith-Machine-Squat/dp/B0BV74WG3Q/ref=sr_1_1139?qid=1679218183&s=sports&sr=1-1139,,,,
"Fitline Chest, Shoulder, Traps, Pecs, Rear Delts, Upper Back and Leg Muscles Functional Trainer with Smith Machine",sports & fitness,Cardio Equipment,https://m.media-amazon.com/images/W/IMAGERENDERING_521856-T1/images/I/51SaVSXxapL._AC_UL320_.jpg,https://www.amazon.in/Fitline-Functional-Trainer-Smith-Machine/dp/B0BV74899C/ref=sr_1_1140?qid=1679218183&s=sports&sr=1-1140,,,,
"Fitline Magna Series Chest, Shoulder, Traps, Pecs, Rear Delts, Upper Back and Leg Muscles Functional Trainer Machine",sports & fitness,Cardio Equipment,https://m.media-amazon.com/images/W/IMAGERENDERING_521856-T1/images/I/51q993o0lmL._AC_UL320_.jpg,https://www.amazon.in/Fitline-Shoulder-Muscles-Functional-Trainer/dp/B0BV746NK1/ref=sr_1_1141?qid=1679218183&s=sports&sr=1-1141,,,,
"Fitline Chest, Shoulder, Traps, Pecs, Rear Delts, Upper Back and Leg Muscles Cable Cross Over",sports & fitness,Cardio Equipment,https://m.media-amazon.com/images/W/IMAGERENDERING_521856-T1/images/I/51tJNBmobCL._AC_UL320_.jpg,https://www.amazon.in/Fitline-Shoulder-Cable-Cross-Over/dp/B0BV73F22F/ref=sr_1_1142?qid=1679218183&s=sports&sr=1-1142,,,,
"Fitline Chest, Triceps, Back, Shoulder, Biceps, Triceps, Core and Legs-Quads, Hamstring, Glutes, Abs and Calf Smith Machin...",sports & fitness,Cardio Equipment,https://m.media-amazon.com/images/W/IMAGERENDERING_521856-T1/images/I/51hx0QuP0IL._AC_UL320_.jpg,https://www.amazon.in/Fitline-Legs-Quads-Smith-Machine-Squat/dp/B0BV732KSP/ref=sr_1_1143?qid=1679218183&s=sports&sr=1-1143,,,,
"Fitline Force Dual Station Chest, Shoulder and Triceps Multi Press (FF-012, Dark Brown)",sports & fitness,Cardio Equipment,https://m.media-amazon.com/images/W/IMAGERENDERING_521856-T1/images/I/61-iJ5CvPzL._AC_UL320_.jpg,https://www.amazon.in/Fitline-Station-Shoulder-Triceps-FF-012/dp/B0BV72C2CK/ref=sr_1_1144?qid=1679218183&s=sports&sr=1-1144,,,,
"Fitline Chest, Triceps, Back, Shoulder, Biceps, Triceps, Core and Legs-Quads, Hamstring, Glutes, Abs and Calf Free Trainer",sports & fitness,Cardio Equipment,https://m.media-amazon.com/images/W/IMAGERENDERING_521856-T1/images/I/61R7gBLNFPL._AC_UL320_.jpg,https://www.amazon.in/Fitline-Legs-Quads-Hamstring-Free-Trainer/dp/B0BV725J5Z/ref=sr_1_1145?qid=1679218183&s=sports&sr=1-1145,,,,
"Fitline Force Dual Station Glutes, Hip Flexors and Outer Hip and Thigh Muscles Adductor/Abductor (FF-016, Brown)",sports & fitness,Cardio Equipment,https://m.media-amazon.com/images/W/IMAGERENDERING_521856-T1/images/I/51-7h8GtkAL._AC_UL320_.jpg,https://www.amazon.in/Fitline-Station-Flexors-Adductor-Abductor/dp/B0BV7218KL/ref=sr_1_1146?qid=1679218183&s=sports&sr=1-1146,,,,
"Fitline Force Biceps Brachii Brachialis and Brachioradialis Muscles Biceps Curl (FF-06, Dark Brown)",sports & fitness,Cardio Equipment,https://m.media-amazon.com/images/W/IMAGERENDERING_521856-T1/images/I/51eaymz8enL._AC_UL320_.jpg,https://www.amazon.in/Fitline-Brachii-Brachialis-Brachioradialis-Muscles/dp/B0BV719Y8L/ref=sr_1_1147?qid=1679218183&s=sports&sr=1-1147,,,,
"Fitline Force Dual Station Quadriceps, Hamstrings, Calf and Gluteus Muscles Leg Curl/Leg Extension (FF-0809, Black)",sports & fitness,Cardio Equipment,https://m.media-amazon.com/images/W/IMAGERENDERING_521856-T1/images/I/51wd5RWLHLL._AC_UL320_.jpg,https://www.amazon.in/Fitline-Station-Quadriceps-Hamstrings-Extension/dp/B0BV717NDP/ref=sr_1_1148?qid=1679218183&s=sports&sr=1-1148,,,,
"Fitline Elite Chest Muscles Upper Back and Shoulder Muscles Rear Deltoids PEC Fly/Rear Delt (FE-02, Brown)",sports & fitness,Cardio Equipment,https://m.media-amazon.com/images/W/IMAGERENDERING_521856-T1/images/I/51bkSynyMfL._AC_UL320_.jpg,https://www.amazon.in/Fitline-Elite-Muscles-Shoulder-Deltoids/dp/B0BV6ZLC2Q/ref=sr_1_1149?qid=1679218183&s=sports&sr=1-1149,,,,
"Fitline Force Hamstring Muscles Seated Leg Curl (FE-09, Brown)",sports & fitness,Cardio Equipment,https://m.media-amazon.com/images/W/IMAGERENDERING_521856-T1/images/I/61SfqWdfw7L._AC_UL320_.jpg,https://www.amazon.in/Fitline-Force-Hamstring-Muscles-Seated/dp/B0BV6ZDXJW/ref=sr_1_1150?qid=1679218183&s=sports&sr=1-1150,,,,
Fitline Elite Upper Arms specifically The Biceps posterior deltoids of The Shoulders & latissimus dorsi Muscles of The Bac...,sports & fitness,Cardio Equipment,https://m.media-amazon.com/images/W/IMAGERENDERING_521856-T1/images/I/51CUS1xIeVL._AC_UL320_.jpg,https://www.amazon.in/Fitline-specifically-posterior-Shoulders-latissimus/dp/B0BV6ZDGQ5/ref=sr_1_1151?qid=1679218183&s=sports&sr=1-1151,,,,
Fitline Strength Hack Squat,sports & fitness,Cardio Equipment,https://m.media-amazon.com/images/W/IMAGERENDERING_521856-T1/images/I/515xlG9K+cL._AC_UL320_.jpg,https://www.amazon.in/Fitline-Hack-Squat-Strength/dp/B0BV6Z9C14/ref=sr_1_1152?qid=1679218183&s=sports&sr=1-1152,,,,
Motorised Arm and Leg Pedal Exercise Bike,sports & fitness,Cardio Equipment,https://m.media-amazon.com/images/W/IMAGERENDERING_521856-T1/images/I/4175V-whgPL._AC_UL320_.jpg,https://www.amazon.in/Motorised-Arm-Pedal-Exercise-Bike/dp/B0BLFMNR9N/ref=sr_1_1393?qid=1679218187&s=sports&sr=1-1393,,,"₹16,999","₹29,999"
Spin Bike,sports & fitness,Cardio Equipment,https://m.media-amazon.com/images/W/IMAGERENDERING_521856-T1/images/I/31klB+AjnhL._AC_UL320_.jpg,https://www.amazon.in/Generic-Spin-Bike/dp/B0BKR71GB8/ref=sr_1_1394?qid=1679218187&s=sports&sr=1-1394,,,"₹20,000","₹42,750"
UJEAVETTE Universal Exercise Bike Pedal Straps 1 Pair Adjustable Length Heavy Duty,sports & fitness,Cardio Equipment,https://m.media-amazon.com/images/W/IMAGERENDERING_521856-T1/images/I/51GPr3YJ5lL._AC_UL320_.jpg,https://www.amazon.in/UJEAVETTE-Universal-Exercise-Straps-Adjustable/dp/B0BJV3YDQX/ref=sr_1_1395?qid=1679218187&s=sports&sr=1-1395,,,₹689,"₹1,418"
UJEAVETTE Exercise Bikes Pedal Bearing Accessories Fitness 2cm Centrals 18.1cm,sports & fitness,Cardio Equipment,https://m.media-amazon.com/images/W/IMAGERENDERING_521856-T1/images/I/51pKzn-+y9L._AC_UL320_.jpg,https://www.amazon.in/UJEAVETTE-Exercise-Bearing-Accessories-Centrals/dp/B0BJV1V9NC/ref=sr_1_1396?qid=1679218187&s=sports&sr=1-1396,,,"₹4,240","₹8,544"
UJEAVETTE Exercise Bikes Pedal Bearing Accessories Fitness 2cm Centrals 16.5cm,sports & fitness,Cardio Equipment,https://m.media-amazon.com/images/W/IMAGERENDERING_521856-T1/images/I/51E+hpJkNoL._AC_UL320_.jpg,https://www.amazon.in/UJEAVETTE-Exercise-Bearing-Accessories-Centrals/dp/B0BJTY628G/ref=sr_1_1397?qid=1679218187&s=sports&sr=1-1397,,,"₹4,138","₹8,338"
UJEAVETTE Exercise Bike Pedal Universal Bicycle Parts Anti Slip for Training Indoor||Bicycle||Bicycle for Men Adult||Bicyc...,sports & fitness,Cardio Equipment,https://m.media-amazon.com/images/W/IMAGERENDERING_521856-T1/images/I/61yxfenzHIL._AC_UL320_.jpg,https://www.amazon.in/UJEAVETTE-Exercise-Universal-Bicycle-Training/dp/B0BJTTWL39/ref=sr_1_1398?qid=1679218187&s=sports&sr=1-1398,,,"₹2,787","₹5,514"
UJEAVETTE Running Machine Safety Key Treadmill Magnetic Security Switch Lock Gym Rectangle Plug,sports & fitness,Cardio Equipment,https://m.media-amazon.com/images/W/IMAGERENDERING_521856-T1/images/I/51Q7hLfmzsL._AC_UL320_.jpg,https://www.amazon.in/UJEAVETTE-Treadmill-Magnetic-Security-Rectangle/dp/B0BJTQGDBW/ref=sr_1_1399?qid=1679218187&s=sports&sr=1-1399,,,"₹1,199","₹2,416"
UJEAVETTE Tricep Rope Straight Bar Cable Machine Equipment Fitness for Rowing Machine,sports & fitness,Cardio Equipment,https://m.media-amazon.com/images/W/IMAGERENDERING_521856-T1/images/I/51K+t-a3FsL._AC_UL320_.jpg,https://www.amazon.in/UJEAVETTE-Straight-Machine-Equipment-Fitness/dp/B0BJTLPCFZ/ref=sr_1_1400?qid=1679218187&s=sports&sr=1-1400,,,"₹5,220","₹10,518"
UJEAVETTE Exercise Bikes Pedal Bearing Accessories Fitness 1.7cm Central 18cm,sports & fitness,Cardio Equipment,https://m.media-amazon.com/images/W/IMAGERENDERING_521856-T1/images/I/51E+hpJkNoL._AC_UL320_.jpg,https://www.amazon.in/UJEAVETTE-Exercise-Bearing-Accessories-Fitness/dp/B0BJTLHW7Q/ref=sr_1_1401?qid=1679218187&s=sports&sr=1-1401,,,"₹3,977","₹8,014"
UJEAVETTE Running Machine Safety Key Treadmill Magnetic Security Switch Lock Gym Round Plug,sports & fitness,Cardio Equipment,https://m.media-amazon.com/images/W/IMAGERENDERING_521856-T1/images/I/51eEIdewMYL._AC_UL320_.jpg,https://www.amazon.in/UJEAVETTE-Running-Treadmill-Magnetic-Security/dp/B0BJTKTVWF/ref=sr_1_1402?qid=1679218187&s=sports&sr=1-1402,,,"₹1,176","₹2,372"
Portable Folding Gym Mini Exercise Cycle | Fitness Peddler Cycle | Desk Bike for Arm and Leg Exercise | Smart Pedal Cycle ...,sports & fitness,Cardio Equipment,https://m.media-amazon.com/images/W/IMAGERENDERING_521856-T1/images/I/51SICuPrj-S._AC_UL320_.jpg,https://www.amazon.in/Portable-Gym-Mini-Exercise-Cycle/dp/B0BJTJPRZ6/ref=sr_1_1403?qid=1679218187&s=sports&sr=1-1403,,,,
UJEAVETTE Exercise Bikes Pedal Bearing Accessories Fitness 1.7cm Centrals 16.5cm,sports & fitness,Cardio Equipment,https://m.media-amazon.com/images/W/IMAGERENDERING_521856-T1/images/I/51E+hpJkNoL._AC_UL320_.jpg,https://www.amazon.in/UJEAVETTE-Exercise-Bearing-Accessories-Centrals/dp/B0BJT528FN/ref=sr_1_1404?qid=1679218187&s=sports&sr=1-1404,,,"₹3,909","₹7,876"
UJEAVETTE Universal Exercise Bike Bicycle Long Pedal Straps Heavy Duty||Bicycle||Bicycle for Men Adult||Bicycle Light||Bic...,sports & fitness,Cardio Equipment,https://m.media-amazon.com/images/W/IMAGERENDERING_521856-T1/images/I/51DlIfu+MML._AC_UL320_.jpg,https://www.amazon.in/UJEAVETTE-Universal-Exercise-Bicycle-Straps/dp/B0BJKCRKSH/ref=sr_1_1405?qid=1679218187&s=sports&sr=1-1405,,,₹773,"₹1,520"
UJEAVETTE Silicone Oil Treadmill Belt Lubricant Treadmill Tool Accessories,sports & fitness,Cardio Equipment,https://m.media-amazon.com/images/W/IMAGERENDERING_521856-T1/images/I/41gritisISL._AC_UL320_.jpg,https://www.amazon.in/UJEAVETTE-Silicone-Treadmill-Lubricant-Accessories/dp/B0BJK8J15K/ref=sr_1_1406?qid=1679218187&s=sports&sr=1-1406,,,₹559,"₹1,120"
Dolphy Non Electric Foldable Manual Treadmill with LCD Display for Apartment Home Walking Running(Black),sports & fitness,Cardio Equipment,https://m.media-amazon.com/images/W/IMAGERENDERING_521856-T1/images/I/31DwCw1ERPL._AC_UL320_.jpg,https://www.amazon.in/Electric-Foldable-Treadmill-Display-Apartment/dp/B0BJDL2D7Q/ref=sr_1_1407?qid=1679218187&s=sports&sr=1-1407,,,,
"AWOKZA Sit Up Bar for Floor, Portable Self Suction Sit Up Assistant Device with 3 Adjustable Positions, Sit Up Foot Holder...",sports & fitness,Cardio Equipment,https://m.media-amazon.com/images/W/IMAGERENDERING_521856-T1/images/I/61hhIVnv4ES._AC_UL320_.jpg,https://www.amazon.in/AWOKZA-Assistant-Adjustable-Positions-Equipment/dp/B0BJD8BJ38/ref=sr_1_1408?qid=1679218187&s=sports&sr=1-1408,,,₹569,"₹1,099"
"Ps Fitness Service Cycle Meter Nsf 108 With Pulse Ps_Fitness_30 (Black,S)",sports & fitness,Cardio Equipment,https://m.media-amazon.com/images/W/IMAGERENDERING_521856-T1/images/I/31ZqElUhizL._AC_UL320_.jpg,https://www.amazon.in/Fitness-Service-Cycle-Meter-Ps_Fitness_30/dp/B0BHX6HMNL/ref=sr_1_1409?qid=1679218187&s=sports&sr=1-1409,,,"₹1,020","₹1,240"
"Ps Fitness Service Tension Knob A- 11 Ps_Fitness_13 (Black,S)",sports & fitness,Cardio Equipment,https://m.media-amazon.com/images/W/IMAGERENDERING_521856-T1/images/I/310q9205kmL._AC_UL320_.jpg,https://www.amazon.in/Fitness-Service-Tension-Ps_Fitness_13-Black/dp/B0BHX5ZQCK/ref=sr_1_1410?qid=1679218187&s=sports&sr=1-1410,,,₹780,"₹1,410"
"Ps Fitness Service Tension Knob With 1 Meter Ps_Fitness_14 (Black,S)",sports & fitness,Cardio Equipment,https://m.media-amazon.com/images/W/IMAGERENDERING_521856-T1/images/I/31ZdU5C84iL._AC_UL320_.jpg,https://www.amazon.in/Fitness-Service-Tension-Meter-Ps_Fitness_14/dp/B0BHX5BX1V/ref=sr_1_1411?qid=1679218187&s=sports&sr=1-1411,,,₹780,"₹1,380"
"Ps Fitness Service Cs Bla 86 12 Mm Ps_Fitness_04 (Black,S)",sports & fitness,Cardio Equipment,https://m.media-amazon.com/images/W/IMAGERENDERING_521856-T1/images/I/31gwtMX0bXL._AC_UL320_.jpg,https://www.amazon.in/Fitness-Service-Bla-Ps_Fitness_04-Black/dp/B0BHX4F134/ref=sr_1_1412?qid=1679218187&s=sports&sr=1-1412,,,₹540,₹702
"Ps Fitness Service Csd 02 Ps_Fitness_07 (Black,S)",sports & fitness,Cardio Equipment,https://m.media-amazon.com/images/W/IMAGERENDERING_521856-T1/images/I/3150hur+7qL._AC_UL320_.jpg,https://www.amazon.in/Fitness-Service-Csd-Ps_Fitness_07-Black/dp/B0BHX3NTH5/ref=sr_1_1413?qid=1679218187&s=sports&sr=1-1413,,,₹235,₹290
"Ps Fitness Service Motor 2.5 Hp Treadmill Ps_Fitness_24 (Multicolour,M)",sports & fitness,Cardio Equipment,https://m.media-amazon.com/images/W/IMAGERENDERING_521856-T1/images/I/41bd-+tGwBL._AC_UL320_.jpg,https://www.amazon.in/Fitness-Service-Treadmill-Ps_Fitness_24-Multicolour/dp/B0BHX3M7WK/ref=sr_1_1414?qid=1679218187&s=sports&sr=1-1414,,,"₹9,650","₹16,560"
"Ps Fitness Service Tension Knob A- 19 Ps_Fitness_12 (Black,S)",sports & fitness,Cardio Equipment,https://m.media-amazon.com/images/W/IMAGERENDERING_521856-T1/images/I/314i0aS5lwL._AC_UL320_.jpg,https://www.amazon.in/Fitness-Service-Tension-Ps_Fitness_12-Black/dp/B0BHX3HCW7/ref=sr_1_1415?qid=1679218187&s=sports&sr=1-1415,,,₹710,₹720
"VENOM 15 Meter Long, Professional Heavy Duty Poly Dacron Battle Exercise Training Rope, Wear Resistant Thick Battle Rope f...",sports & fitness,Cardio Equipment,https://m.media-amazon.com/images/W/IMAGERENDERING_521856-T1/images/I/61o9ifHSjSL._AC_UL320_.jpg,https://www.amazon.in/VENOM-Professional-Exercise-Resistant-Equipment/dp/B0BHRJQ6GZ/ref=sr_1_1416?qid=1679218187&s=sports&sr=1-1416,,,"₹9,024.05","₹23,231"
FITNESS WORLD Series 6 HP Peak AC Motor Semi-Commercial Treadmill 0-15 Level Auto Incline Treadmill with LCD Display for M...,sports & fitness,Cardio Equipment,https://m.media-amazon.com/images/I/61W6jjOrpZL._AC_UL320_.jpg,https://www.amazon.in/FITNESS-WORLD-Semi-Commercial-Treadmill-Exercise/dp/B08T69K2XG/ref=sr_1_1849?qid=1679218193&s=sports&sr=1-1849,,,"₹94,999","₹1,46,900"
"FITNESS WORLD Primo Series 5 HP DC Motor Domestic Treadmill 0-15 Level Auto Incline Treadmill with 7"" LCD Display for Men,...",sports & fitness,Cardio Equipment,https://m.media-amazon.com/images/I/611U3qQ4ZrL._AC_UL320_.jpg,https://www.amazon.in/FITNESS-WORLD-Domestic-Treadmill-Exercise/dp/B08T626GPG/ref=sr_1_1850?qid=1679218193&s=sports&sr=1-1850,,,"₹74,900","₹1,45,760"
FITNESS WORLD Series 6 HP Peak Ac Motor Semi-Commercial Treadmill 0-18 Level Auto Incline Treadmill with LED Display for M...,sports & fitness,Cardio Equipment,https://m.media-amazon.com/images/I/71kwQs43e6L._AC_UL320_.jpg,https://www.amazon.in/FITNESS-WORLD-Semi-Commercial-Treadmill-Exercise/dp/B08T5XVXT6/ref=sr_1_1851?qid=1679218193&s=sports&sr=1-1851,,,"₹1,15,000","₹2,24,600"
KGN Mart Double Spring Tummy Trimmer Pro Waist Trimmer Abs Exerciser Body Toner Fat Buster Home Gym Abdominal Exercise Fit...,sports & fitness,Cardio Equipment,https://m.media-amazon.com/images/I/712YPg+pu8L._AC_UL320_.jpg,https://www.amazon.in/Trimmer-Exerciser-Abdominal-Exercise-Equipment/dp/B08SHVPH1L/ref=sr_1_1852?qid=1679218193&s=sports&sr=1-1852,,,₹395,₹799
Wecare Fitness and Sports K2 2.75 CHP (5.5 HP Peak) DC Motorized Treadmill,sports & fitness,Cardio Equipment,https://m.media-amazon.com/images/I/61VbW7kR5ZL._AC_UL320_.jpg,https://www.amazon.in/Wecare-Fitness-Sports-Motorized-Treadmill/dp/B08S7C2GXG/ref=sr_1_1853?qid=1679218193&s=sports&sr=1-1853,,,"₹59,999","₹83,999"
"Trademark Innovations 20"" Trapazoidal Speed & Agility Training Rings - Set of 6 with Carry Bag (Orange)",sports & fitness,Cardio Equipment,https://m.media-amazon.com/images/I/61IIuJZfcPL._AC_UL320_.jpg,https://www.amazon.in/Trademark-Innovations-Trapazoidal-Agility-Training/dp/B08RZFLJN4/ref=sr_1_1854?qid=1679218193&s=sports&sr=1-1854,3.0,3,"₹11,848","₹16,929"
Spirit XT 385 Motorised Treadmill,sports & fitness,Cardio Equipment,https://m.media-amazon.com/images/I/41hn+s--6fL._AC_UL320_.jpg,https://www.amazon.in/Spirit-XT-385-Motorised-Treadmill/dp/B08RZ1FBQB/ref=sr_1_1855?qid=1679218193&s=sports&sr=1-1855,,,"₹1,44,900","₹2,24,000"
SOLE E20 Elliptical Cross Trainer,sports & fitness,Cardio Equipment,https://m.media-amazon.com/images/I/71Wk5TU+6+L._AC_UL320_.jpg,https://www.amazon.in/SOLE-E20-Elliptical-Cross-Trainer/dp/B08RXC2H31/ref=sr_1_1856?qid=1679218193&s=sports&sr=1-1856,4.0,1,"₹99,900","₹1,34,000"
AT-100 Motorsied Treadmill,sports & fitness,Cardio Equipment,https://m.media-amazon.com/images/I/71Y0iIvkBaL._AC_UL320_.jpg,https://www.amazon.in/AFTON-AT-100-Motorsied-Treadmill/dp/B08RX9WQ6X/ref=sr_1_1857?qid=1679218193&s=sports&sr=1-1857,,,"₹94,900","₹1,50,000"
WECARE K1- MTM Motorized Treadmill with Free at Home Installation Assistance and Free Diet & Fitness Plan,sports & fitness,Cardio Equipment,https://m.media-amazon.com/images/I/71zxbHiarpL._AC_UL320_.jpg,https://www.amazon.in/Motorized-Treadmill-Installation-Assistance-Fitness/dp/B08RX78281/ref=sr_1_1858?qid=1679218193&s=sports&sr=1-1858,,,"₹24,999","₹51,999"
TNZMART Agility Ladder Speed Ladder 10FT 20FT Training Equipment for Football Soccer Basketball with Carrying Bag,sports & fitness,Cardio Equipment,https://m.media-amazon.com/images/I/61XRcpSxqvL._AC_UL320_.jpg,https://www.amazon.in/TNZMART-6Rung10FT-12Rung20FT-Equipment-Basketball/dp/B08RHY62PZ/ref=sr_1_1859?qid=1679218193&s=sports&sr=1-1859,3.9,104,"₹4,488","₹6,419"
KHODIYAR Mini Pedal Exercise Cycle / Fitness Bike,sports & fitness,Cardio Equipment,https://m.media-amazon.com/images/I/61dRf0b2RtL._AC_UL320_.jpg,https://www.amazon.in/KHODIYAR-Pedal-Exercise-Cycle-Fitness/dp/B08QZ2HBMZ/ref=sr_1_1860?qid=1679218193&s=sports&sr=1-1860,,,,
9T5 Foldable Mini Fitness Cycle Pedal Exerciser Bike Gym Machine with Digital Display Meter for Men Women Home Exercise Gym,sports & fitness,Cardio Equipment,https://m.media-amazon.com/images/I/51n5cojMflL._AC_UL320_.jpg,https://www.amazon.in/9T5-Foldable-Fitness-Exerciser-Exercise/dp/B08QMG5VKJ/ref=sr_1_1861?qid=1679218193&s=sports&sr=1-1861,,,,
PITHAGE Step Up Exercise Platform Adjustable Step Platforms for Workout Non-Slip Stepper Aerobic Exercise Stepper for Fitness,sports & fitness,Cardio Equipment,https://m.media-amazon.com/images/I/61WdD7UVvvL._AC_UL320_.jpg,https://www.amazon.in/PITHAGE-Adjustable-Exercise-Platform-%EF%BC%8CNon-Slip/dp/B08PXWZQVH/ref=sr_1_1862?qid=1679218193&s=sports&sr=1-1862,4.5,96,,
"Avon TM-165 (5 HP Peak) Motorized Treadmill for Home USE with 3 Step Manual Incline, Black",sports & fitness,Cardio Equipment,https://m.media-amazon.com/images/I/71Ph8ykrOkS._AC_UL320_.jpg,https://www.amazon.in/Avon-TM-165-Motorized-Treadmill-Incline/dp/B08PGSY487/ref=sr_1_1863?qid=1679218193&s=sports&sr=1-1863,5.0,1,"₹43,655","₹60,462"
Viva Fitness KH-630 (with 3 Level Incline) Light Commercial Elliptical Trainer,sports & fitness,Cardio Equipment,https://m.media-amazon.com/images/I/61vU-WC8DOL._AC_UL320_.jpg,https://www.amazon.in/Viva-Fitness-Incline-Commercial-Elliptical/dp/B08PFTPXQG/ref=sr_1_1864?qid=1679218193&s=sports&sr=1-1864,,,"₹1,25,000","₹1,56,250"
"Jordan Fitness 3.5 HP DC Peak with Incline Motorized Treadmill (JF-34, Black, Orange)",sports & fitness,Cardio Equipment,https://m.media-amazon.com/images/I/51qFequQJ-L._AC_UL320_.jpg,https://www.amazon.in/Jordan-Fitness-Incline-Motorised-Treadmill/dp/B08P8YM996/ref=sr_1_1865?qid=1679218193&s=sports&sr=1-1865,,,"₹44,700","₹64,500"
"Jordan Fitness JF-38 (4 HP DC Peak) Motorized Treadmill, Black, Orange",sports & fitness,Cardio Equipment,https://m.media-amazon.com/images/I/51EO6WBoNvL._AC_UL320_.jpg,https://www.amazon.in/Jordan-Fitness-JF-38-Motorized-Treadmill/dp/B08P8WTFBM/ref=sr_1_1866?qid=1679218193&s=sports&sr=1-1866,,,"₹46,200","₹66,000"
VORENZA Mini Pedal Exercise Cycle/Fitness Bike (with Digital Display of Many Functions) (Black & White),sports & fitness,Cardio Equipment,https://m.media-amazon.com/images/I/61dRf0b2RtL._AC_UL320_.jpg,https://www.amazon.in/VORENZA-Exercise-Fitness-Digital-Functions/dp/B08P7TWKP2/ref=sr_1_1867?qid=1679218193&s=sports&sr=1-1867,,,,
"FITNESS WORLD Venus Treadmill (2-4 HP) for Men and Women for Home Use, Health & Fitness Exercise Treadmill with Folding, E...",sports & fitness,Cardio Equipment,https://m.media-amazon.com/images/I/51lhnN1ZxRL._AC_UL320_.jpg,https://www.amazon.in/FITNESS-WORLD-Treadmill-Exercise-Assembly/dp/B08P3HTZCZ/ref=sr_1_1868?qid=1679218193&s=sports&sr=1-1868,,,"₹33,900","₹86,633"
FITNESS WORLD - 2 in 1 Portable and Space Saving Sturdy Folding Slimming Treadmill for Walking and Climbing with Easy Asse...,sports & fitness,Cardio Equipment,https://m.media-amazon.com/images/I/61a2krTNcWL._AC_UL320_.jpg,https://www.amazon.in/FITNESS-WORLD-Portable-Exercise-Treadmill/dp/B08P23VGMF/ref=sr_1_1869?qid=1679218193&s=sports&sr=1-1869,5.0,1,"₹64,499","₹1,29,000"
"FITNESS WORLD Men's and Women's Home Runner Treadmill Health & Fitness Exercise Treadmill with Folding, Easy Assembly, Stu...",sports & fitness,Cardio Equipment,https://m.media-amazon.com/images/I/61DD5m7a2KL._AC_UL320_.jpg,https://www.amazon.in/FITNESS-WORLD-Treadmill-Exercise-Assembly/dp/B08P1ZCHFB/ref=sr_1_1870?qid=1679218193&s=sports&sr=1-1870,,,"₹55,000","₹91,422"
Sole F60 Treadmill,sports & fitness,Cardio Equipment,https://m.media-amazon.com/images/I/61Rqa07mbmL._AC_UL320_.jpg,https://www.amazon.in/Sole-F60-Treadmill/dp/B08NPC8VSK/ref=sr_1_1871?qid=1679218193&s=sports&sr=1-1871,,,"₹89,900","₹1,32,000"
Ghazalla Agility Ladder Speed Ladder Training Ladder and Workout Ladder 12 Rung with Carrying Bag and 12 Speed Cones. Work...,sports & fitness,Cardio Equipment,https://m.media-amazon.com/images/I/81l1LuW7O+L._AC_UL320_.jpg,https://www.amazon.in/Ghazalla-Training-Carrying-Equipment-Basketball/dp/B08NKB3MTF/ref=sr_1_1872?qid=1679218193&s=sports&sr=1-1872,4.5,34,"₹5,068","₹7,239"
PowerMax Fitness EC-3000 Elliptical Cross Trainer with 24 Level electromagnetic resistance,sports & fitness,Cardio Equipment,https://m.media-amazon.com/images/W/IMAGERENDERING_521856-T1/images/I/71ST04VA7qL._AC_UL320_.jpg,https://www.amazon.in/Powermax-Fitness-EC-3000-Elliptical-Trainer/dp/B07N3YYKGF/ref=sr_1_2017?qid=1679218196&s=sports&sr=1-2017,,,"₹2,25,250","₹3,65,000"
PowerMax Fitness BR-2000C Commercial Recumbent Bike,sports & fitness,Cardio Equipment,https://m.media-amazon.com/images/W/IMAGERENDERING_521856-T1/images/I/81TZA1545aL._AC_UL320_.jpg,https://www.amazon.in/PowerMax-Fitness-BR-2000C-Commercial-Recumbent/dp/B07N3RRFWT/ref=sr_1_2018?qid=1679218196&s=sports&sr=1-2018,,,"₹1,15,900","₹1,70,000"
PowerMax Fitness EC-2000 Elliptical Cross Trainer with Big Stride Length perfect for your Gym,sports & fitness,Cardio Equipment,https://m.media-amazon.com/images/W/IMAGERENDERING_521856-T1/images/I/717b+ebYJoL._AC_UL320_.jpg,https://www.amazon.in/Powermax-Fitness-EC-2000-Elliptical-Trainer/dp/B07N3PCB9V/ref=sr_1_2019?qid=1679218196&s=sports&sr=1-2019,,,"₹1,55,750","₹2,55,000"
Cosco Ac 600 Treadmill,sports & fitness,Cardio Equipment,https://m.media-amazon.com/images/W/IMAGERENDERING_521856-T1/images/I/21LUOl3HHBL._AC_UL320_.jpg,https://www.amazon.in/Generic-Cosco-Ac-600-Treadmill/dp/B07N1RYYJD/ref=sr_1_2020?qid=1679218196&s=sports&sr=1-2020,,,"₹92,988","₹1,09,800"
CEB-80 E,sports & fitness,Cardio Equipment,https://m.media-amazon.com/images/W/IMAGERENDERING_521856-T1/images/I/616f+T0fOwL._AC_UL320_.jpg,https://www.amazon.in/EFIT-solutions-CEB-80-E/dp/B07MR9LLTJ/ref=sr_1_2021?qid=1679218196&s=sports&sr=1-2021,,,"₹27,888","₹30,000"
CGC-60 Group Cycling Bike,sports & fitness,Cardio Equipment,https://m.media-amazon.com/images/W/IMAGERENDERING_521856-T1/images/I/61ozFvCainL._AC_UL320_.jpg,https://www.amazon.in/EFIT-solutions-CGC-60-Group-Cycling/dp/B07MR6V1W7/ref=sr_1_2022?qid=1679218196&s=sports&sr=1-2022,,,"₹34,300","₹40,000"
BH Fitness BT7016 Desktop Treadmill,sports & fitness,Cardio Equipment,https://m.media-amazon.com/images/W/IMAGERENDERING_521856-T1/images/I/817TW-mBtML._AC_UL320_.jpg,https://www.amazon.in/BH-Fitness-BT7016-Desktop-Treadmill/dp/B07MM4BGKN/ref=sr_1_2023?qid=1679218196&s=sports&sr=1-2023,4.0,1,"₹89,100","₹1,20,000"
"Welcare Motorized Treadmill WC5888 AC 2 HP,India's Most Trusted Fitness Equipment's Brand",sports & fitness,Cardio Equipment,https://m.media-amazon.com/images/W/IMAGERENDERING_521856-T1/images/I/415djOTl+SL._AC_UL320_.jpg,https://www.amazon.in/Welcare-Motorized-Treadmill-Trusted-Equipments/dp/B07MJKSGR4/ref=sr_1_2024?qid=1679218196&s=sports&sr=1-2024,5.0,1,"₹1,27,200","₹1,59,000"
CEB-60 U,sports & fitness,Cardio Equipment,https://m.media-amazon.com/images/W/IMAGERENDERING_521856-T1/images/I/31TS5ZH3xFL._AC_UL320_.jpg,https://www.amazon.in/EFIT-solutions-CEB-60-U/dp/B07MH5M154/ref=sr_1_2025?qid=1679218196&s=sports&sr=1-2025,,,"₹18,890","₹24,000"
AFTON Xterra TRX4500 Treadmill (Grey),sports & fitness,Cardio Equipment,https://m.media-amazon.com/images/W/IMAGERENDERING_521856-T1/images/I/617FyqSNYyL._AC_UL320_.jpg,https://www.amazon.in/Xterra-XTERRA-Fitness-TRX4500-Treadmill/dp/B07MH4HBVM/ref=sr_1_2026?qid=1679218196&s=sports&sr=1-2026,,,"₹1,12,900","₹1,51,000"
AFTON Xterra TRX3500 Treadmill (Grey),sports & fitness,Cardio Equipment,https://m.media-amazon.com/images/W/IMAGERENDERING_521856-T1/images/I/61CwDJIpKWL._AC_UL320_.jpg,https://www.amazon.in/Xterra-XTERRA-Fitness-TRX3500-Treadmill/dp/B07M66LQRQ/ref=sr_1_2027?qid=1679218196&s=sports&sr=1-2027,,,"₹99,900","₹1,33,000"
"Lifeline Exercise Motorized Treadmill DK 1000 for Weight Loss at Home | Bundles with Silicon Spray, Fitness Ball (75cm) an...",sports & fitness,Cardio Equipment,https://m.media-amazon.com/images/W/IMAGERENDERING_521856-T1/images/I/61HdKCA9MQL._AC_UL320_.jpg,https://www.amazon.in/Lifeline-Exercise-Motorized-Treadmill-Dumbbell/dp/B07LB5H5J5/ref=sr_1_2028?qid=1679218196&s=sports&sr=1-2028,,,"₹41,950","₹49,500"
Colado Fitness Gym Excercise Cycle BGC201 with Back Support,sports & fitness,Cardio Equipment,https://m.media-amazon.com/images/W/IMAGERENDERING_521856-T1/images/I/31sqppU1CJL._AC_UL320_.jpg,https://www.amazon.in/Colado-Fitness-Exercise-Cycle-CFE-201/dp/B07L6HRNN2/ref=sr_1_2029?qid=1679218196&s=sports&sr=1-2029,4.5,2,"₹6,499","₹11,999"
Colado Fitness Exercise Cycle CFE-101 with Back Rest,sports & fitness,Cardio Equipment,https://m.media-amazon.com/images/W/IMAGERENDERING_521856-T1/images/I/31reiFP1b+L._AC_UL320_.jpg,https://www.amazon.in/Colado-Fitness-Exercise-Cycle-CFE-101/dp/B07L5KNL98/ref=sr_1_2030?qid=1679218196&s=sports&sr=1-2030,,,"₹8,599","₹11,999"
"Colado Fitness Air Bike Pro with Backrest and Twister,Gym Bike,Exercise Bike",sports & fitness,Cardio Equipment,https://m.media-amazon.com/images/W/IMAGERENDERING_521856-T1/images/I/61go0dcqY6L._AC_UL320_.jpg,https://www.amazon.in/Colado-Fitness-Backrest-Twister-Exercise/dp/B07L5JJ9FM/ref=sr_1_2031?qid=1679218196&s=sports&sr=1-2031,5.0,1,,
Technix TU 777 Air Bike,sports & fitness,Cardio Equipment,https://m.media-amazon.com/images/W/IMAGERENDERING_521856-T1/images/I/41ImkZXcRWL._AC_UL320_.jpg,https://www.amazon.in/Technix-TU-777-Air-Bike/dp/B07L1QH35C/ref=sr_1_2032?qid=1679218196&s=sports&sr=1-2032,,,"₹24,990","₹33,750"
Colado Fitness 4 in 1 Manual Treadmill Walk or Foldable Jogger Fitness Lose Weight for Home Gym/Cardio,sports & fitness,Cardio Equipment,https://m.media-amazon.com/images/W/IMAGERENDERING_521856-T1/images/I/61zxk25TuhL._AC_UL320_.jpg,https://www.amazon.in/Colado-Fitness-Manual-Treadmill-Foldable/dp/B07KYMGGWY/ref=sr_1_2033?qid=1679218196&s=sports&sr=1-2033,5.0,1,,
Colado Fitness Moving Handle AIR Bike Black,sports & fitness,Cardio Equipment,https://m.media-amazon.com/images/W/IMAGERENDERING_521856-T1/images/I/317G9sp2lbL._AC_UL320_.jpg,https://www.amazon.in/Colado-Fitness-Moving-Handle-Black/dp/B07KYHCTDV/ref=sr_1_2034?qid=1679218196&s=sports&sr=1-2034,,,,
Viva Fitness Magnetic Exercise Bike,sports & fitness,Cardio Equipment,https://m.media-amazon.com/images/W/IMAGERENDERING_521856-T1/images/I/51hQFAfZBtL._AC_UL320_.jpg,https://www.amazon.in/Viva-Fitness-Magnetic-Exercise-Bike/dp/B07KN62F92/ref=sr_1_2035?qid=1679218196&s=sports&sr=1-2035,,,"₹32,000","₹36,500"
Biaba Collection Mini Fitness Cycling Resistance Adjustable Indoor Cycles Exercise Bike,sports & fitness,Cardio Equipment,https://m.media-amazon.com/images/W/IMAGERENDERING_521856-T1/images/I/71iy1FHY4dL._AC_UL320_.jpg,https://www.amazon.in/Biaba-Collection-Comfortable-Resistance-Adjustable/dp/B07KKG7XSC/ref=sr_1_2036?qid=1679218196&s=sports&sr=1-2036,,,,
Kamachi Exercise Bike (Made in Taiwan) Mini Pedal Exercise Bike with Resistance,sports & fitness,Cardio Equipment,https://m.media-amazon.com/images/W/IMAGERENDERING_521856-T1/images/I/61fKvLngy-L._AC_UL320_.jpg,https://www.amazon.in/Kamachi-Exercise-Taiwan-Pedal-Resistance/dp/B07KG4DRB9/ref=sr_1_2037?qid=1679218196&s=sports&sr=1-2037,1.0,1,"₹2,400","₹3,599"
"Kettler Track S2 Treadmill, Black, Regular",sports & fitness,Cardio Equipment,https://m.media-amazon.com/images/W/IMAGERENDERING_521856-T1/images/I/61e+ZIzBe9L._AC_UL320_.jpg,https://www.amazon.in/Kettler-07886-200-Track-S2-Treadmill/dp/B07K43MGP1/ref=sr_1_2038?qid=1679218196&s=sports&sr=1-2038,,,"₹95,049","₹1,59,800"
"Kettler Track S4 Treadmill, Black, Regular",sports & fitness,Cardio Equipment,https://m.media-amazon.com/images/W/IMAGERENDERING_521856-T1/images/I/81-1qQN7P5L._AC_UL320_.jpg,https://www.amazon.in/Kettler-07886-400-Track-S4-Treadmill/dp/B07JZ9FW3Z/ref=sr_1_2039?qid=1679218196&s=sports&sr=1-2039,,,"₹1,06,945","₹1,79,800"
"PowerMax Fitness TAC-2500 4HP (6HP Peak) Motorized Treadmill with Free Installation Assistance, Commercial & Automatic Inc...",sports & fitness,Cardio Equipment,https://m.media-amazon.com/images/W/IMAGERENDERING_521856-T1/images/I/71eOqlRMGRL._AC_UL320_.jpg,https://www.amazon.in/Powermax-Fitness-Commercial-Motorized-Treadmill/dp/B07JJGLNK1/ref=sr_1_2040?qid=1679218196&s=sports&sr=1-2040,,,"₹2,01,900","₹2,65,000"
